{
"type": "FeatureCollection",
"name": "kadikoy_roads",
"crs": { "type": "name", "properties": { "name": "urn:ogc:def:crs:OGC:1.3:CRS84" } },
"features": [
{ "type": "Feature", "properties": { "u": 245940945, "v": 6638746576, "key": 0, "osmid": "132474412", "highway": "tertiary", "name": "Dr. Esat Işık Caddesi", "oneway": true, "reversed": "False", "length": 88.831064744481054, "lanes": null, "maxspeed": null, "access": null, "width": null }, "geometry": { "type": "LineString", "coordinates": [ [ 29.0288445, 40.983565 ], [ 29.0297031, 40.9833281 ], [ 29.0298435, 40.9833036 ] ] } },
{ "type": "Feature", "properties": { "u": 245940950, "v": 245940952, "key": 0, "osmid": "132474412", "highway": "tertiary", "name": "Dr. Esat Işık Caddesi", "oneway": true, "reversed": "False", "length": 47.681578676869805, "lanes": null, "maxspeed": null, "access": null, "width": null }, "geometry": { "type": "LineString", "coordinates": [ [ 29.0324318, 40.9829687 ], [ 29.0327958, 40.9830915 ], [ 29.0329231, 40.9831758 ] ] } },
{ "type": "Feature", "properties": { "u": 245940950, "v": 2445138883, "key": 0, "osmid": "678909319", "highway": "residential", "name": "Şair Latifi Sokağı", "oneway": true, "reversed": "False", "length": 24.749421393457695, "lanes": null, "maxspeed": null, "access": null, "width": null }, "geometry": { "type": "LineString", "coordinates": [ [ 29.0324318, 40.9829687 ], [ 29.0324528, 40.9830156 ], [ 29.0324718, 40.9830579 ], [ 29.0324835, 40.983186 ] ] } },
{ "type": "Feature", "properties": { "u": 245940952, "v": 2445138883, "key": 0, "osmid": "236488997", "highway": "residential", "name": "Şair Latifi Sokağı", "oneway": true, "reversed": "False", "length": 42.282152760056711, "lanes": null, "maxspeed": null, "access": null, "width": null }, "geometry": { "type": "LineString", "coordinates": [ [ 29.0329231, 40.9831758 ], [ 29.0326792, 40.9831225 ], [ 29.0326231, 40.9831135 ], [ 29.0325769, 40.9831131 ], [ 29.0325445, 40.9831166 ], [ 29.0325194, 40.9831292 ], [ 29.0324835, 40.983186 ] ] } },
{ "type": "Feature", "properties": { "u": 278471334, "v": 2697174247, "key": 0, "osmid": [ 43942177, 1237459845, 1462853486 ], "highway": "primary", "name": [ "Ara yol", "Rıhtım Caddesi" ], "oneway": true, "reversed": "False", "length": 168.04512108803431, "lanes": "2", "maxspeed": "30", "access": null, "width": null }, "geometry": { "type": "LineString", "coordinates": [ [ 29.0234276, 40.9914894 ], [ 29.0232852, 40.9914633 ], [ 29.0230894, 40.9914016 ], [ 29.0228614, 40.9913216 ], [ 29.0223084, 40.9911332 ], [ 29.0218322, 40.9909509 ], [ 29.021809, 40.9909407 ], [ 29.0217855, 40.9909281 ], [ 29.0217642, 40.9909123 ], [ 29.0217513, 40.9908989 ], [ 29.0217401, 40.9908836 ], [ 29.0217335, 40.9908663 ], [ 29.0217303, 40.9908485 ], [ 29.0217311, 40.9908296 ], [ 29.0217336, 40.9907934 ] ] } },
{ "type": "Feature", "properties": { "u": 278471371, "v": 494598065, "key": 0, "osmid": "152447450", "highway": "tertiary", "name": "Albay Faik Sözdener Caddesi", "oneway": true, "reversed": "False", "length": 31.758538561967161, "lanes": null, "maxspeed": null, "access": null, "width": null }, "geometry": { "type": "LineString", "coordinates": [ [ 29.0216692, 40.9894332 ], [ 29.0214358, 40.9892084 ] ] } },
{ "type": "Feature", "properties": { "u": 278471371, "v": 2446170566, "key": 0, "osmid": "236166947", "highway": "tertiary", "name": "Albay Faik Sözdener Caddesi", "oneway": true, "reversed": "False", "length": 13.455491882814661, "lanes": null, "maxspeed": null, "access": null, "width": null }, "geometry": { "type": "LineString", "coordinates": [ [ 29.0216692, 40.9894332 ], [ 29.0217724, 40.9895258 ] ] } },
{ "type": "Feature", "properties": { "u": 494598060, "v": 495672344, "key": 0, "osmid": "40779890", "highway": "residential", "name": "Mühürdar Caddesi", "oneway": true, "reversed": "False", "length": 99.625206449620549, "lanes": null, "maxspeed": null, "access": null, "width": null }, "geometry": { "type": "LineString", "coordinates": [ [ 29.0217565, 40.9876441 ], [ 29.0218931, 40.9876611 ], [ 29.0227095, 40.9881577 ] ] } },
{ "type": "Feature", "properties": { "u": 494598060, "v": 2461181361, "key": 0, "osmid": "40784960", "highway": "residential", "name": "Mühürdarbağı Sokağı", "oneway": true, "reversed": "False", "length": 89.707462908312849, "lanes": null, "maxspeed": null, "access": null, "width": null }, "geometry": { "type": "LineString", "coordinates": [ [ 29.0217565, 40.9876441 ], [ 29.0216678, 40.9880032 ], [ 29.022096, 40.9883039 ] ] } },
{ "type": "Feature", "properties": { "u": 494598060, "v": 2442359988, "key": 0, "osmid": "1034060983", "highway": "residential", "name": "Mühürdarbağı Sokağı", "oneway": true, "reversed": "False", "length": 77.715260423241034, "lanes": null, "maxspeed": null, "access": null, "width": null }, "geometry": { "type": "LineString", "coordinates": [ [ 29.0217565, 40.9876441 ], [ 29.0216772, 40.9871313 ], [ 29.0216492, 40.9869499 ] ] } },
{ "type": "Feature", "properties": { "u": 494598065, "v": 6958868172, "key": 0, "osmid": "152447450", "highway": "tertiary", "name": "Albay Faik Sözdener Caddesi", "oneway": true, "reversed": "False", "length": 64.516550702614353, "lanes": null, "maxspeed": null, "access": null, "width": null }, "geometry": { "type": "LineString", "coordinates": [ [ 29.0214358, 40.9892084 ], [ 29.0213446, 40.9891188 ], [ 29.0209819, 40.9887402 ] ] } },
{ "type": "Feature", "properties": { "u": 495665067, "v": 495785146, "key": 0, "osmid": [ 40779890, 694279860 ], "highway": "residential", "name": [ "Misbah Muhayyeş Sokağı", "Mühürdar Caddesi" ], "oneway": true, "reversed": "False", "length": 49.228814860677815, "lanes": null, "maxspeed": null, "access": null, "width": null }, "geometry": { "type": "LineString", "coordinates": [ [ 29.0232278, 40.9886035 ], [ 29.0232761, 40.9886854 ], [ 29.0228574, 40.9888428 ] ] } },
{ "type": "Feature", "properties": { "u": 495665070, "v": 278471371, "key": 0, "osmid": "694279858", "highway": "residential", "name": "Misbah Muhayyeş Sokağı", "oneway": true, "reversed": "False", "length": 53.032904484322977, "lanes": null, "maxspeed": null, "access": null, "width": null }, "geometry": { "type": "LineString", "coordinates": [ [ 29.0221989, 40.9891732 ], [ 29.0216692, 40.9894332 ] ] } },
{ "type": "Feature", "properties": { "u": 495672344, "v": 495797812, "key": 0, "osmid": "40779890", "highway": "residential", "name": "Mühürdar Caddesi", "oneway": true, "reversed": "False", "length": 21.714743194365703, "lanes": null, "maxspeed": null, "access": null, "width": null }, "geometry": { "type": "LineString", "coordinates": [ [ 29.0227095, 40.9881577 ], [ 29.0229022, 40.988288 ] ] } },
{ "type": "Feature", "properties": { "u": 495672346, "v": 2442359952, "key": 0, "osmid": "236364679", "highway": "tertiary", "name": "Mühürdar Caddesi", "oneway": true, "reversed": "False", "length": 62.183832683162215, "lanes": "1", "maxspeed": null, "access": null, "width": null }, "geometry": { "type": "LineString", "coordinates": [ [ 29.0210463, 40.985343 ], [ 29.0212997, 40.9858685 ] ] } },
{ "type": "Feature", "properties": { "u": 495672347, "v": 495672346, "key": 0, "osmid": "152447452", "highway": "tertiary", "name": "Mühürdar Caddesi", "oneway": true, "reversed": "False", "length": 75.984076515835397, "lanes": null, "maxspeed": null, "access": null, "width": null }, "geometry": { "type": "LineString", "coordinates": [ [ 29.0209537, 40.9846751 ], [ 29.0209202, 40.9848473 ], [ 29.0209128, 40.9849247 ], [ 29.0209182, 40.9849799 ], [ 29.0209316, 40.9850421 ], [ 29.0209671, 40.9851555 ], [ 29.0210463, 40.985343 ] ] } },
{ "type": "Feature", "properties": { "u": 495673616, "v": 495673617, "key": 0, "osmid": "40780646", "highway": "residential", "name": "Sarraf Ali Sokağı", "oneway": true, "reversed": "False", "length": 55.170854284908984, "lanes": null, "maxspeed": null, "access": null, "width": null }, "geometry": { "type": "LineString", "coordinates": [ [ 29.0252713, 40.9878114 ], [ 29.0252373, 40.9878114 ], [ 29.024614, 40.987812 ] ] } },
{ "type": "Feature", "properties": { "u": 495673616, "v": 495677019, "key": 0, "osmid": "712458680", "highway": "residential", "name": "Moda Caddesi", "oneway": true, "reversed": "False", "length": 116.17840127487865, "lanes": "1", "maxspeed": "50", "access": null, "width": null }, "geometry": { "type": "LineString", "coordinates": [ [ 29.0252713, 40.9878114 ], [ 29.0249048, 40.9887139 ], [ 29.0249195, 40.9887665 ], [ 29.0249653, 40.9887985 ] ] } },
{ "type": "Feature", "properties": { "u": 495673617, "v": 495673618, "key": 0, "osmid": "40780646", "highway": "residential", "name": "Sarraf Ali Sokağı", "oneway": true, "reversed": "False", "length": 29.430948135499822, "lanes": null, "maxspeed": null, "access": null, "width": null }, "geometry": { "type": "LineString", "coordinates": [ [ 29.024614, 40.987812 ], [ 29.0242706, 40.9878655 ] ] } },
{ "type": "Feature", "properties": { "u": 495673618, "v": 495797821, "key": 0, "osmid": "228407760", "highway": "residential", "name": "Cemal Süreya Sokağı", "oneway": true, "reversed": "False", "length": 42.187576000967667, "lanes": null, "maxspeed": null, "access": null, "width": null }, "geometry": { "type": "LineString", "coordinates": [ [ 29.0242706, 40.9878655 ], [ 29.0240233, 40.9875352 ] ] } },
{ "type": "Feature", "properties": { "u": 495673618, "v": 495665067, "key": 0, "osmid": "40780646", "highway": "residential", "name": "Sarraf Ali Sokağı", "oneway": true, "reversed": "False", "length": 120.06382738190678, "lanes": null, "maxspeed": null, "access": null, "width": null }, "geometry": { "type": "LineString", "coordinates": [ [ 29.0242706, 40.9878655 ], [ 29.0239419, 40.9880729 ], [ 29.0235742, 40.9883441 ], [ 29.0232278, 40.9886035 ] ] } },
{ "type": "Feature", "properties": { "u": 495691862, "v": 1457277936, "key": 0, "osmid": "132474429", "highway": "residential", "name": "Nene Hatun Sokağı", "oneway": true, "reversed": "False", "length": 52.889556413301598, "lanes": null, "maxspeed": null, "access": null, "width": null }, "geometry": { "type": "LineString", "coordinates": [ [ 29.0237805, 40.9805667 ], [ 29.0232419, 40.9803199 ] ] } },
{ "type": "Feature", "properties": { "u": 495691862, "v": 803882313, "key": 0, "osmid": "66320576", "highway": "residential", "name": "Atıfet Sokağı", "oneway": true, "reversed": "False", "length": 47.611255820449131, "lanes": null, "maxspeed": null, "access": null, "width": null }, "geometry": { "type": "LineString", "coordinates": [ [ 29.0237805, 40.9805667 ], [ 29.0238533, 40.9806357 ], [ 29.0241339, 40.9809016 ] ] } },
{ "type": "Feature", "properties": { "u": 495691862, "v": 1457277911, "key": 0, "osmid": [ 236594017, 1185549443 ], "highway": "residential", "name": "Moda Caddesi", "oneway": false, "reversed": "False", "length": 122.88199344460133, "lanes": "1", "maxspeed": "50", "access": null, "width": null }, "geometry": { "type": "LineString", "coordinates": [ [ 29.0237805, 40.9805667 ], [ 29.0237935, 40.9805567 ], [ 29.0238175, 40.9805382 ], [ 29.0238373, 40.980523 ], [ 29.0241127, 40.980311 ], [ 29.0241685, 40.980268 ], [ 29.024494, 40.980015 ], [ 29.0245158, 40.979998 ], [ 29.0247932, 40.9797689 ] ] } },
{ "type": "Feature", "properties": { "u": 495691874, "v": 495803037, "key": 0, "osmid": "40784678", "highway": "residential", "name": "Bademaltı Sokağı", "oneway": true, "reversed": "False", "length": 60.01343918513237, "lanes": null, "maxspeed": null, "access": null, "width": null }, "geometry": { "type": "LineString", "coordinates": [ [ 29.0248838, 40.9851358 ], [ 29.0255356, 40.984914 ] ] } },
{ "type": "Feature", "properties": { "u": 495691874, "v": 495791555, "key": 0, "osmid": "694745766", "highway": "tertiary", "name": "Moda Caddesi", "oneway": false, "reversed": "True", "length": 71.323623866937709, "lanes": "1", "maxspeed": "50", "access": null, "width": null }, "geometry": { "type": "LineString", "coordinates": [ [ 29.0248838, 40.9851358 ], [ 29.0251657, 40.9857409 ] ] } },
{ "type": "Feature", "properties": { "u": 495691874, "v": 803882323, "key": 0, "osmid": "694745767", "highway": "tertiary", "name": "Moda Caddesi", "oneway": true, "reversed": "False", "length": 47.177339528882669, "lanes": "1", "maxspeed": "50", "access": null, "width": null }, "geometry": { "type": "LineString", "coordinates": [ [ 29.0248838, 40.9851358 ], [ 29.0246508, 40.9847497 ] ] } },
{ "type": "Feature", "properties": { "u": 495698666, "v": 1457277973, "key": 0, "osmid": "694745767", "highway": "tertiary", "name": "Moda Caddesi", "oneway": true, "reversed": "False", "length": 123.25440133547625, "lanes": "1", "maxspeed": "50", "access": null, "width": null }, "geometry": { "type": "LineString", "coordinates": [ [ 29.0237359, 40.9833243 ], [ 29.0235112, 40.9828626 ], [ 29.0234227, 40.9826807 ], [ 29.0232701, 40.9822739 ] ] } },
{ "type": "Feature", "properties": { "u": 495698669, "v": 1457277988, "key": 0, "osmid": "1016525519", "highway": "residential", "name": "Fırıldak Sokağı", "oneway": true, "reversed": "False", "length": 61.634767569052173, "lanes": null, "maxspeed": null, "access": null, "width": null }, "geometry": { "type": "LineString", "coordinates": [ [ 29.0229033, 40.9835587 ], [ 29.0232468, 40.9840486 ] ] } },
{ "type": "Feature", "properties": { "u": 495698669, "v": 495698666, "key": 0, "osmid": "40781018", "highway": "residential", "name": "Yeni Fikir Sokağı", "oneway": true, "reversed": "False", "length": 74.591276179525792, "lanes": null, "maxspeed": null, "access": null, "width": null }, "geometry": { "type": "LineString", "coordinates": [ [ 29.0229033, 40.9835587 ], [ 29.0236708, 40.9833426 ], [ 29.0237359, 40.9833243 ] ] } },
{ "type": "Feature", "properties": { "u": 495725879, "v": 1457277986, "key": 0, "osmid": "40781018", "highway": "residential", "name": "Yeni Fikir Sokağı", "oneway": true, "reversed": "False", "length": 51.724395679555876, "lanes": null, "maxspeed": null, "access": null, "width": null }, "geometry": { "type": "LineString", "coordinates": [ [ 29.0217471, 40.9838407 ], [ 29.0223326, 40.9836957 ] ] } },
{ "type": "Feature", "properties": { "u": 495725879, "v": 1915743047, "key": 0, "osmid": "181133407", "highway": "residential", "name": "Hacı İzzet Sokağı", "oneway": true, "reversed": "False", "length": 229.27435972452116, "lanes": null, "maxspeed": null, "access": "yes", "width": null }, "geometry": { "type": "LineString", "coordinates": [ [ 29.0217471, 40.9838407 ], [ 29.0215545, 40.9833717 ], [ 29.0217155, 40.983335 ], [ 29.0219625, 40.9832788 ], [ 29.0218871, 40.9830969 ], [ 29.0223645, 40.9829745 ], [ 29.0226176, 40.983625 ] ] } },
{ "type": "Feature", "properties": { "u": 495725879, "v": 495672347, "key": 0, "osmid": [ 1018486123, 152447452 ], "highway": [ "residential", "tertiary" ], "name": "Mühürdar Caddesi", "oneway": true, "reversed": "False", "length": 131.24168590215314, "lanes": null, "maxspeed": null, "access": null, "width": null }, "geometry": { "type": "LineString", "coordinates": [ [ 29.0217471, 40.9838407 ], [ 29.0211052, 40.9840222 ], [ 29.0209537, 40.9846751 ] ] } },
{ "type": "Feature", "properties": { "u": 495725909, "v": 495725913, "key": 0, "osmid": "1067879367", "highway": "residential", "name": "Cemal Süreya Sokağı", "oneway": true, "reversed": "False", "length": 45.942138467741678, "lanes": null, "maxspeed": null, "access": null, "width": null }, "geometry": { "type": "LineString", "coordinates": [ [ 29.0221952, 40.9848897 ], [ 29.0220267, 40.9844966 ] ] } },
{ "type": "Feature", "properties": { "u": 495725909, "v": 1457277998, "key": 0, "osmid": "688633734", "highway": "residential", "name": "Rıza Paşa Sokağı", "oneway": true, "reversed": "False", "length": 60.833237730273183, "lanes": null, "maxspeed": null, "access": null, "width": null }, "geometry": { "type": "LineString", "coordinates": [ [ 29.0221952, 40.9848897 ], [ 29.0219044, 40.9850024 ], [ 29.0215507, 40.9851399 ] ] } },
{ "type": "Feature", "properties": { "u": 495725913, "v": 495672347, "key": 0, "osmid": "132474415", "highway": "residential", "name": "Yaver Bey Sokağı", "oneway": true, "reversed": "False", "length": 92.228293767227768, "lanes": null, "maxspeed": null, "access": null, "width": null }, "geometry": { "type": "LineString", "coordinates": [ [ 29.0220267, 40.9844966 ], [ 29.0209537, 40.9846751 ] ] } },
{ "type": "Feature", "properties": { "u": 495725913, "v": 1457277990, "key": 0, "osmid": "688633733", "highway": "residential", "name": "Yaver Bey Sokağı", "oneway": true, "reversed": "False", "length": 29.370120919036555, "lanes": null, "maxspeed": null, "access": null, "width": null }, "geometry": { "type": "LineString", "coordinates": [ [ 29.0220267, 40.9844966 ], [ 29.0219432, 40.9842401 ] ] } },
{ "type": "Feature", "properties": { "u": 495753834, "v": 495677019, "key": 0, "osmid": [ 40783980, 712459119 ], "highway": "residential", "name": [ "Moda Caddesi", "Tellalzade Sokağı" ], "oneway": true, "reversed": "False", "length": 243.35831972544145, "lanes": null, "maxspeed": null, "access": null, "width": null }, "geometry": { "type": "LineString", "coordinates": [ [ 29.0269114, 40.9892675 ], [ 29.0262415, 40.9893602 ], [ 29.0259845, 40.9893958 ], [ 29.0251024, 40.989518 ], [ 29.0249546, 40.9892816 ], [ 29.02492, 40.9892263 ], [ 29.0248637, 40.9891066 ], [ 29.0248786, 40.9888366 ], [ 29.0249135, 40.9888055 ], [ 29.0249653, 40.9887985 ] ] } },
{ "type": "Feature", "properties": { "u": 495758327, "v": 1457278014, "key": 0, "osmid": "237757417", "highway": "residential", "name": "Damacı Sokağı", "oneway": true, "reversed": "False", "length": 63.167642371049901, "lanes": "1", "maxspeed": null, "access": null, "width": null }, "geometry": { "type": "LineString", "coordinates": [ [ 29.0261907, 40.9876625 ], [ 29.0258481, 40.9871567 ] ] } },
{ "type": "Feature", "properties": { "u": 495761309, "v": 495673616, "key": 0, "osmid": "712458680", "highway": "residential", "name": "Moda Caddesi", "oneway": true, "reversed": "False", "length": 39.96236434374152, "lanes": "1", "maxspeed": "50", "access": null, "width": null }, "geometry": { "type": "LineString", "coordinates": [ [ 29.0254331, 40.9874734 ], [ 29.0252713, 40.9878114 ] ] } },
{ "type": "Feature", "properties": { "u": 495761309, "v": 495758327, "key": 0, "osmid": "228407762", "highway": "residential", "name": "Sakız Gülü Sokağı", "oneway": true, "reversed": "False", "length": 72.478905223891459, "lanes": null, "maxspeed": null, "access": null, "width": null }, "geometry": { "type": "LineString", "coordinates": [ [ 29.0254331, 40.9874734 ], [ 29.0258293, 40.9876932 ], [ 29.0258796, 40.9877092 ], [ 29.0259256, 40.9877036 ], [ 29.0261907, 40.9876625 ] ] } },
{ "type": "Feature", "properties": { "u": 495761314, "v": 495804950, "key": 0, "osmid": "40784168", "highway": "residential", "name": "Sakız Gülü Sokağı", "oneway": true, "reversed": "False", "length": 51.856402419647608, "lanes": null, "maxspeed": null, "access": null, "width": null }, "geometry": { "type": "LineString", "coordinates": [ [ 29.0276801, 40.987334 ], [ 29.0272948, 40.9874237 ], [ 29.0270888, 40.9874691 ] ] } },
{ "type": "Feature", "properties": { "u": 495766032, "v": 495758327, "key": 0, "osmid": "40784168", "highway": "residential", "name": "Sakız Gülü Sokağı", "oneway": true, "reversed": "False", "length": 54.940535364804191, "lanes": null, "maxspeed": null, "access": null, "width": null }, "geometry": { "type": "LineString", "coordinates": [ [ 29.0268215, 40.9875306 ], [ 29.0261907, 40.9876625 ] ] } },
{ "type": "Feature", "properties": { "u": 495774142, "v": 495774145, "key": 0, "osmid": "132474412", "highway": "tertiary", "name": "Dr. Esat Işık Caddesi", "oneway": true, "reversed": "False", "length": 31.346056792446689, "lanes": null, "maxspeed": null, "access": null, "width": null }, "geometry": { "type": "LineString", "coordinates": [ [ 29.0271823, 40.9843468 ], [ 29.0271974, 40.984331 ], [ 29.027401, 40.9841183 ] ] } },
{ "type": "Feature", "properties": { "u": 495774142, "v": 4086672833, "key": 0, "osmid": "706999045", "highway": "tertiary", "name": "General Asım Gündüz Caddesi", "oneway": false, "reversed": "False", "length": 15.113823485741751, "lanes": "1", "maxspeed": null, "access": null, "width": null }, "geometry": { "type": "LineString", "coordinates": [ [ 29.0271823, 40.9843468 ], [ 29.0271047, 40.9843765 ], [ 29.0270155, 40.9843965 ] ] } },
{ "type": "Feature", "properties": { "u": 495774145, "v": 495774147, "key": 0, "osmid": "132474412", "highway": "tertiary", "name": "Dr. Esat Işık Caddesi", "oneway": true, "reversed": "False", "length": 29.905201520935716, "lanes": null, "maxspeed": null, "access": null, "width": null }, "geometry": { "type": "LineString", "coordinates": [ [ 29.027401, 40.9841183 ], [ 29.0276192, 40.9839057 ] ] } },
{ "type": "Feature", "properties": { "u": 495774147, "v": 245940945, "key": 0, "osmid": "132474412", "highway": "tertiary", "name": "Dr. Esat Işık Caddesi", "oneway": true, "reversed": "False", "length": 109.65151548790382, "lanes": null, "maxspeed": null, "access": null, "width": null }, "geometry": { "type": "LineString", "coordinates": [ [ 29.0276192, 40.9839057 ], [ 29.0279589, 40.9837989 ], [ 29.0280721, 40.9837658 ], [ 29.0288445, 40.983565 ] ] } },
{ "type": "Feature", "properties": { "u": 495779826, "v": 6522711379, "key": 0, "osmid": "238271790", "highway": "tertiary", "name": "Dr. Esat Işık Caddesi", "oneway": true, "reversed": "False", "length": 54.418927647803265, "lanes": "1", "maxspeed": null, "access": null, "width": null }, "geometry": { "type": "LineString", "coordinates": [ [ 29.0269801, 40.98472 ], [ 29.026972, 40.9847368 ], [ 29.0266449, 40.9851385 ] ] } },
{ "type": "Feature", "properties": { "u": 495785146, "v": 2461181362, "key": 0, "osmid": "694279858", "highway": "residential", "name": "Misbah Muhayyeş Sokağı", "oneway": true, "reversed": "False", "length": 42.898829922828952, "lanes": null, "maxspeed": null, "access": null, "width": null }, "geometry": { "type": "LineString", "coordinates": [ [ 29.0228574, 40.9888428 ], [ 29.0224332, 40.989058 ] ] } },
{ "type": "Feature", "properties": { "u": 495789332, "v": 495799521, "key": 0, "osmid": "40785004", "highway": "residential", "name": "Sivastopol Sokağı", "oneway": true, "reversed": "False", "length": 56.762596957126945, "lanes": null, "maxspeed": "20", "access": null, "width": null }, "geometry": { "type": "LineString", "coordinates": [ [ 29.023645, 40.9863493 ], [ 29.0239495, 40.9868051 ] ] } },
{ "type": "Feature", "properties": { "u": 495789332, "v": 495791585, "key": 0, "osmid": "132474409", "highway": "residential", "name": "Murat Bey Sokağı", "oneway": true, "reversed": "False", "length": 35.538898189449995, "lanes": null, "maxspeed": null, "access": null, "width": null }, "geometry": { "type": "LineString", "coordinates": [ [ 29.023645, 40.9863493 ], [ 29.0233409, 40.9864706 ], [ 29.023263, 40.9864824 ] ] } },
{ "type": "Feature", "properties": { "u": 495791555, "v": 495691874, "key": 0, "osmid": "694745766", "highway": "tertiary", "name": "Moda Caddesi", "oneway": false, "reversed": "False", "length": 71.323623866937709, "lanes": "1", "maxspeed": "50", "access": null, "width": null }, "geometry": { "type": "LineString", "coordinates": [ [ 29.0251657, 40.9857409 ], [ 29.0248838, 40.9851358 ] ] } },
{ "type": "Feature", "properties": { "u": 495791555, "v": 495799512, "key": 0, "osmid": "694745766", "highway": "tertiary", "name": "Moda Caddesi", "oneway": false, "reversed": "True", "length": 56.78292574317522, "lanes": "1", "maxspeed": "50", "access": null, "width": null }, "geometry": { "type": "LineString", "coordinates": [ [ 29.0251657, 40.9857409 ], [ 29.0254154, 40.9862155 ] ] } },
{ "type": "Feature", "properties": { "u": 495791555, "v": 1457278005, "key": 0, "osmid": "132474409", "highway": "residential", "name": "Murat Bey Sokağı", "oneway": true, "reversed": "False", "length": 56.0002772749854, "lanes": null, "maxspeed": null, "access": null, "width": null }, "geometry": { "type": "LineString", "coordinates": [ [ 29.0251657, 40.9857409 ], [ 29.0251067, 40.985764 ], [ 29.0245732, 40.9859724 ] ] } },
{ "type": "Feature", "properties": { "u": 495791585, "v": 558821171, "key": 0, "osmid": "688633735", "highway": "residential", "name": "Cemal Süreya Sokağı", "oneway": true, "reversed": "False", "length": 67.585180260118833, "lanes": null, "maxspeed": null, "access": null, "width": null }, "geometry": { "type": "LineString", "coordinates": [ [ 29.023263, 40.9864824 ], [ 29.0229044, 40.9859382 ] ] } },
{ "type": "Feature", "properties": { "u": 495791585, "v": 495800958, "key": 0, "osmid": "40785014", "highway": "residential", "name": "Dr. Şakir Paşa Sokağı", "oneway": true, "reversed": "False", "length": 151.00652945100938, "lanes": null, "maxspeed": null, "access": null, "width": null }, "geometry": { "type": "LineString", "coordinates": [ [ 29.023263, 40.9864824 ], [ 29.0226333, 40.9867102 ], [ 29.0229892, 40.9874965 ] ] } },
{ "type": "Feature", "properties": { "u": 495797799, "v": 495761309, "key": 0, "osmid": "712458680", "highway": "residential", "name": "Moda Caddesi", "oneway": true, "reversed": "False", "length": 12.50681882054079, "lanes": "1", "maxspeed": "50", "access": null, "width": null }, "geometry": { "type": "LineString", "coordinates": [ [ 29.0254892, 40.9873692 ], [ 29.0254331, 40.9874734 ] ] } },
{ "type": "Feature", "properties": { "u": 495797806, "v": 495797832, "key": 0, "osmid": "694271987", "highway": "residential", "name": "Sivastopol Sokağı", "oneway": true, "reversed": "False", "length": 21.840373492614372, "lanes": null, "maxspeed": null, "access": null, "width": null }, "geometry": { "type": "LineString", "coordinates": [ [ 29.0242752, 40.9872687 ], [ 29.0243989, 40.9874415 ] ] } },
{ "type": "Feature", "properties": { "u": 495797812, "v": 495797821, "key": 0, "osmid": "40785124", "highway": "residential", "name": "Hacı Hüsam Sokağı", "oneway": true, "reversed": "False", "length": 125.94353711778099, "lanes": "1", "maxspeed": null, "access": null, "width": null }, "geometry": { "type": "LineString", "coordinates": [ [ 29.0229022, 40.988288 ], [ 29.0240233, 40.9875352 ] ] } },
{ "type": "Feature", "properties": { "u": 495797812, "v": 495665067, "key": 0, "osmid": "40779890", "highway": "residential", "name": "Mühürdar Caddesi", "oneway": true, "reversed": "False", "length": 45.104102986922591, "lanes": null, "maxspeed": null, "access": null, "width": null }, "geometry": { "type": "LineString", "coordinates": [ [ 29.0229022, 40.988288 ], [ 29.0230811, 40.9884066 ], [ 29.0232278, 40.9886035 ] ] } },
{ "type": "Feature", "properties": { "u": 495797821, "v": 495797827, "key": 0, "osmid": "228407760", "highway": "residential", "name": "Cemal Süreya Sokağı", "oneway": true, "reversed": "False", "length": 15.974200148436765, "lanes": null, "maxspeed": null, "access": null, "width": null }, "geometry": { "type": "LineString", "coordinates": [ [ 29.0240233, 40.9875352 ], [ 29.0239314, 40.9874094 ] ] } },
{ "type": "Feature", "properties": { "u": 495797827, "v": 495797806, "key": 0, "osmid": "40785126", "highway": "residential", "name": "Güner Sokağı", "oneway": true, "reversed": "False", "length": 32.825458374088996, "lanes": "1", "maxspeed": null, "access": null, "width": null }, "geometry": { "type": "LineString", "coordinates": [ [ 29.0239314, 40.9874094 ], [ 29.0242752, 40.9872687 ] ] } },
{ "type": "Feature", "properties": { "u": 495797827, "v": 495800952, "key": 0, "osmid": "228407760", "highway": "residential", "name": "Cemal Süreya Sokağı", "oneway": true, "reversed": "False", "length": 19.615608545805539, "lanes": null, "maxspeed": null, "access": null, "width": null }, "geometry": { "type": "LineString", "coordinates": [ [ 29.0239314, 40.9874094 ], [ 29.0238233, 40.987253 ] ] } },
{ "type": "Feature", "properties": { "u": 495797832, "v": 495673617, "key": 0, "osmid": "694271987", "highway": "residential", "name": "Sivastopol Sokağı", "oneway": true, "reversed": "False", "length": 44.980271052735382, "lanes": null, "maxspeed": null, "access": null, "width": null }, "geometry": { "type": "LineString", "coordinates": [ [ 29.0243989, 40.9874415 ], [ 29.024614, 40.987812 ] ] } },
{ "type": "Feature", "properties": { "u": 495797832, "v": 495797799, "key": 0, "osmid": "40785127", "highway": "residential", "name": "Zuhal Sokağı", "oneway": true, "reversed": "False", "length": 91.867895416827011, "lanes": null, "maxspeed": null, "access": null, "width": null }, "geometry": { "type": "LineString", "coordinates": [ [ 29.0243989, 40.9874415 ], [ 29.0254345, 40.9873728 ], [ 29.0254892, 40.9873692 ] ] } },
{ "type": "Feature", "properties": { "u": 495799512, "v": 495791555, "key": 0, "osmid": "694745766", "highway": "tertiary", "name": "Moda Caddesi", "oneway": false, "reversed": "False", "length": 56.78292574317522, "lanes": "1", "maxspeed": "50", "access": null, "width": null }, "geometry": { "type": "LineString", "coordinates": [ [ 29.0254154, 40.9862155 ], [ 29.0251657, 40.9857409 ] ] } },
{ "type": "Feature", "properties": { "u": 495799512, "v": 2456379717, "key": 0, "osmid": "694745766", "highway": "tertiary", "name": "Moda Caddesi", "oneway": false, "reversed": "True", "length": 5.1336398721591374, "lanes": "1", "maxspeed": "50", "access": null, "width": null }, "geometry": { "type": "LineString", "coordinates": [ [ 29.0254154, 40.9862155 ], [ 29.0254396, 40.9862579 ] ] } },
{ "type": "Feature", "properties": { "u": 495799521, "v": 2370901358, "key": 0, "osmid": "228407761", "highway": "residential", "name": "Neşe Sokağı", "oneway": true, "reversed": "False", "length": 53.822889497404894, "lanes": null, "maxspeed": null, "access": null, "width": null }, "geometry": { "type": "LineString", "coordinates": [ [ 29.0239495, 40.9868051 ], [ 29.0245145, 40.9865762 ] ] } },
{ "type": "Feature", "properties": { "u": 495799521, "v": 495797806, "key": 0, "osmid": "694271986", "highway": "residential", "name": "Sivastopol Sokağı", "oneway": true, "reversed": "False", "length": 58.352470042869022, "lanes": null, "maxspeed": "20", "access": null, "width": null }, "geometry": { "type": "LineString", "coordinates": [ [ 29.0239495, 40.9868051 ], [ 29.0240838, 40.9869978 ], [ 29.0242272, 40.9872036 ], [ 29.0242752, 40.9872687 ] ] } },
{ "type": "Feature", "properties": { "u": 495800952, "v": 495791585, "key": 0, "osmid": "228407760", "highway": "residential", "name": "Cemal Süreya Sokağı", "oneway": true, "reversed": "False", "length": 97.744804021693483, "lanes": null, "maxspeed": null, "access": null, "width": null }, "geometry": { "type": "LineString", "coordinates": [ [ 29.0238233, 40.987253 ], [ 29.023263, 40.9864824 ] ] } },
{ "type": "Feature", "properties": { "u": 495800958, "v": 495800952, "key": 0, "osmid": "40785146", "highway": "residential", "name": "Dr. Şakir Paşa Sokak", "oneway": true, "reversed": "False", "length": 75.064375227889016, "lanes": null, "maxspeed": null, "access": null, "width": null }, "geometry": { "type": "LineString", "coordinates": [ [ 29.0229892, 40.9874965 ], [ 29.0238233, 40.987253 ] ] } },
{ "type": "Feature", "properties": { "u": 495800958, "v": 495672344, "key": 0, "osmid": "695589301", "highway": "residential", "name": "İlter Ertüzün Sokağı", "oneway": true, "reversed": "False", "length": 87.290142361369149, "lanes": null, "maxspeed": null, "access": null, "width": null }, "geometry": { "type": "LineString", "coordinates": [ [ 29.0229892, 40.9874965 ], [ 29.0230989, 40.9877767 ], [ 29.0230827, 40.9878464 ], [ 29.0230338, 40.9879118 ], [ 29.0227095, 40.9881577 ] ] } },
{ "type": "Feature", "properties": { "u": 495803037, "v": 968710940, "key": 0, "osmid": "40784678", "highway": "residential", "name": "Bademaltı Sokağı", "oneway": true, "reversed": "False", "length": 72.721056848901668, "lanes": null, "maxspeed": null, "access": null, "width": null }, "geometry": { "type": "LineString", "coordinates": [ [ 29.0255356, 40.984914 ], [ 29.0263174, 40.9846322 ] ] } },
{ "type": "Feature", "properties": { "u": 495803038, "v": 558821222, "key": 0, "osmid": "40785182", "highway": "residential", "name": "Dalga Sokağı", "oneway": true, "reversed": "False", "length": 43.57155796444011, "lanes": null, "maxspeed": null, "access": null, "width": null }, "geometry": { "type": "LineString", "coordinates": [ [ 29.0261289, 40.9857911 ], [ 29.0258921, 40.9854424 ] ] } },
{ "type": "Feature", "properties": { "u": 495803038, "v": 2456379718, "key": 0, "osmid": "238271790", "highway": "tertiary", "name": "Dr. Esat Işık Caddesi", "oneway": true, "reversed": "False", "length": 91.469063548174717, "lanes": "1", "maxspeed": null, "access": null, "width": null }, "geometry": { "type": "LineString", "coordinates": [ [ 29.0261289, 40.9857911 ], [ 29.0256497, 40.986351 ], [ 29.0256523, 40.986507 ] ] } },
{ "type": "Feature", "properties": { "u": 495804949, "v": 495803038, "key": 0, "osmid": "238271790", "highway": "tertiary", "name": "Dr. Esat Işık Caddesi", "oneway": true, "reversed": "False", "length": 8.6621918996118055, "lanes": "1", "maxspeed": null, "access": null, "width": null }, "geometry": { "type": "LineString", "coordinates": [ [ 29.0261811, 40.9857239 ], [ 29.0261289, 40.9857911 ] ] } },
{ "type": "Feature", "properties": { "u": 495804950, "v": 495766032, "key": 0, "osmid": "40784168", "highway": "residential", "name": "Sakız Gülü Sokağı", "oneway": true, "reversed": "False", "length": 23.45511058718218, "lanes": null, "maxspeed": null, "access": null, "width": null }, "geometry": { "type": "LineString", "coordinates": [ [ 29.0270888, 40.9874691 ], [ 29.0268215, 40.9875306 ] ] } },
{ "type": "Feature", "properties": { "u": 495804950, "v": 1457278012, "key": 0, "osmid": "40785358", "highway": "residential", "name": "Kadife Sokağı", "oneway": true, "reversed": "False", "length": 75.468880163855516, "lanes": "1", "maxspeed": null, "access": null, "width": null }, "geometry": { "type": "LineString", "coordinates": [ [ 29.0270888, 40.9874691 ], [ 29.0267617, 40.9868369 ] ] } },
{ "type": "Feature", "properties": { "u": 495805321, "v": 678317533, "key": 0, "osmid": "53726650", "highway": "residential", "name": "Soner Sokağı", "oneway": true, "reversed": "False", "length": 153.01982767637787, "lanes": null, "maxspeed": null, "access": null, "width": null }, "geometry": { "type": "LineString", "coordinates": [ [ 29.0278405, 40.9858288 ], [ 29.0278567, 40.9858251 ], [ 29.0295835, 40.9854256 ] ] } },
{ "type": "Feature", "properties": { "u": 495805321, "v": 678317739, "key": 0, "osmid": "621990109", "highway": "tertiary", "name": "General Asım Gündüz Caddesi", "oneway": true, "reversed": "False", "length": 51.339750044305489, "lanes": "1", "maxspeed": null, "access": null, "width": null }, "geometry": { "type": "LineString", "coordinates": [ [ 29.0278405, 40.9858288 ], [ 29.0278331, 40.9858104 ], [ 29.0277148, 40.9855174 ], [ 29.0276922, 40.9853823 ] ] } },
{ "type": "Feature", "properties": { "u": 495805325, "v": 495804949, "key": 0, "osmid": "40785358", "highway": "residential", "name": "Kadife Sokağı", "oneway": true, "reversed": "False", "length": 76.211403506360412, "lanes": "1", "maxspeed": null, "access": null, "width": null }, "geometry": { "type": "LineString", "coordinates": [ [ 29.0265343, 40.9863553 ], [ 29.0261811, 40.9857239 ] ] } },
{ "type": "Feature", "properties": { "u": 495805325, "v": 558821228, "key": 0, "osmid": "40785625", "highway": "residential", "name": "Dr. İhsan Ünlüer Sokağı", "oneway": true, "reversed": "False", "length": 53.774858506913127, "lanes": null, "maxspeed": null, "access": null, "width": null }, "geometry": { "type": "LineString", "coordinates": [ [ 29.0265343, 40.9863553 ], [ 29.0270872, 40.986111 ] ] } },
{ "type": "Feature", "properties": { "u": 558821171, "v": 1457278003, "key": 0, "osmid": "236594015", "highway": "residential", "name": "Leylek Sokağı", "oneway": true, "reversed": "False", "length": 61.125543859559649, "lanes": null, "maxspeed": null, "access": null, "width": null }, "geometry": { "type": "LineString", "coordinates": [ [ 29.0229044, 40.9859382 ], [ 29.0235367, 40.9856655 ] ] } },
{ "type": "Feature", "properties": { "u": 558821171, "v": 1457278000, "key": 0, "osmid": "688633735", "highway": "residential", "name": "Cemal Süreya Sokağı", "oneway": true, "reversed": "False", "length": 69.377878173522618, "lanes": null, "maxspeed": null, "access": null, "width": null }, "geometry": { "type": "LineString", "coordinates": [ [ 29.0229044, 40.9859382 ], [ 29.0225378, 40.985379 ] ] } },
{ "type": "Feature", "properties": { "u": 558821187, "v": 494598060, "key": 0, "osmid": "40779890", "highway": "residential", "name": "Mühürdar Caddesi", "oneway": true, "reversed": "False", "length": 35.419644462131352, "lanes": null, "maxspeed": null, "access": null, "width": null }, "geometry": { "type": "LineString", "coordinates": [ [ 29.0213406, 40.9875902 ], [ 29.0214213, 40.9876007 ], [ 29.0217565, 40.9876441 ] ] } },
{ "type": "Feature", "properties": { "u": 558821187, "v": 2442359988, "key": 0, "osmid": "236166956", "highway": "tertiary", "name": "Damga Sokağı", "oneway": true, "reversed": "False", "length": 75.768398436240375, "lanes": null, "maxspeed": null, "access": null, "width": null }, "geometry": { "type": "LineString", "coordinates": [ [ 29.0213406, 40.9875902 ], [ 29.0213969, 40.9874748 ], [ 29.021515, 40.987239 ], [ 29.0216492, 40.9869499 ] ] } },
{ "type": "Feature", "properties": { "u": 558821222, "v": 495803037, "key": 0, "osmid": "40785182", "highway": "residential", "name": "Dalga Sokağı", "oneway": true, "reversed": "False", "length": 65.936823792892298, "lanes": null, "maxspeed": null, "access": null, "width": null }, "geometry": { "type": "LineString", "coordinates": [ [ 29.0258921, 40.9854424 ], [ 29.0255356, 40.984914 ] ] } },
{ "type": "Feature", "properties": { "u": 558821222, "v": 495791555, "key": 0, "osmid": "40785199", "highway": "residential", "name": "Ressam Şeref Akdik Sokağı", "oneway": true, "reversed": "False", "length": 69.421714592353766, "lanes": null, "maxspeed": null, "access": null, "width": null }, "geometry": { "type": "LineString", "coordinates": [ [ 29.0258921, 40.9854424 ], [ 29.0251657, 40.9857409 ] ] } },
{ "type": "Feature", "properties": { "u": 558821228, "v": 495761314, "key": 0, "osmid": "40786009", "highway": "residential", "name": "Hacı Şükrü Sokağı", "oneway": true, "reversed": "False", "length": 144.81155061566582, "lanes": null, "maxspeed": null, "access": null, "width": null }, "geometry": { "type": "LineString", "coordinates": [ [ 29.0270872, 40.986111 ], [ 29.0276801, 40.987334 ] ] } },
{ "type": "Feature", "properties": { "u": 558821228, "v": 495805321, "key": 0, "osmid": "40785625", "highway": "residential", "name": "Dr. İhsan Ünlüer Sokağı", "oneway": true, "reversed": "False", "length": 70.607321706358817, "lanes": null, "maxspeed": null, "access": null, "width": null }, "geometry": { "type": "LineString", "coordinates": [ [ 29.0270872, 40.986111 ], [ 29.0278184, 40.9858344 ], [ 29.0278405, 40.9858288 ] ] } },
{ "type": "Feature", "properties": { "u": 678317499, "v": 245940945, "key": 0, "osmid": "53726649", "highway": "residential", "name": "Şevki Bey Sokağı", "oneway": true, "reversed": "False", "length": 66.748019662492936, "lanes": null, "maxspeed": null, "access": null, "width": null }, "geometry": { "type": "LineString", "coordinates": [ [ 29.0291319, 40.9841247 ], [ 29.0288445, 40.983565 ] ] } },
{ "type": "Feature", "properties": { "u": 678317499, "v": 6643517638, "key": 0, "osmid": "40784890", "highway": "residential", "name": "Şair Latifi Sokağı", "oneway": true, "reversed": "False", "length": 132.87964679159984, "lanes": null, "maxspeed": null, "access": null, "width": null }, "geometry": { "type": "LineString", "coordinates": [ [ 29.0291319, 40.9841247 ], [ 29.0277698, 40.984505 ], [ 29.0276811, 40.9845295 ], [ 29.0276574, 40.984536 ], [ 29.027647, 40.9845389 ] ] } },
{ "type": "Feature", "properties": { "u": 678317533, "v": 6676601628, "key": 0, "osmid": "53726650", "highway": "residential", "name": "Soner Sokağı", "oneway": true, "reversed": "False", "length": 64.968185284434924, "lanes": null, "maxspeed": null, "access": null, "width": null }, "geometry": { "type": "LineString", "coordinates": [ [ 29.0295835, 40.9854256 ], [ 29.0303256, 40.9852596 ] ] } },
{ "type": "Feature", "properties": { "u": 678317533, "v": 4977300369, "key": 0, "osmid": "53726649", "highway": "residential", "name": "Şevki Bey Sokağı", "oneway": true, "reversed": "False", "length": 50.047386449062884, "lanes": null, "maxspeed": null, "access": null, "width": null }, "geometry": { "type": "LineString", "coordinates": [ [ 29.0295835, 40.9854256 ], [ 29.0295759, 40.9854053 ], [ 29.0294403, 40.9849887 ] ] } },
{ "type": "Feature", "properties": { "u": 678317533, "v": 2433573120, "key": 0, "osmid": "132474406", "highway": "residential", "name": "Hacı Ahmet Bey Sokağı", "oneway": false, "reversed": "False", "length": 45.139768913577775, "lanes": null, "maxspeed": null, "access": null, "width": null }, "geometry": { "type": "LineString", "coordinates": [ [ 29.0295835, 40.9854256 ], [ 29.0295913, 40.9854472 ], [ 29.0296962, 40.9858225 ] ] } },
{ "type": "Feature", "properties": { "u": 678317620, "v": 2445138917, "key": 0, "osmid": "678909317", "highway": "tertiary", "name": "Hasırcıbaşı Caddesi", "oneway": true, "reversed": "False", "length": 34.136708177471291, "lanes": "1", "maxspeed": null, "access": null, "width": null }, "geometry": { "type": "LineString", "coordinates": [ [ 29.0309389, 40.9850514 ], [ 29.0309871, 40.9853294 ], [ 29.0309917, 40.9853558 ] ] } },
{ "type": "Feature", "properties": { "u": 678317694, "v": 2445138914, "key": 0, "osmid": "53726651", "highway": "residential", "name": "Keresteci Aziz Sokağı", "oneway": true, "reversed": "False", "length": 92.072201480271545, "lanes": null, "maxspeed": null, "access": null, "width": null }, "geometry": { "type": "LineString", "coordinates": [ [ 29.0300093, 40.9839072 ], [ 29.0302325, 40.9847179 ] ] } },
{ "type": "Feature", "properties": { "u": 678317694, "v": 678317499, "key": 0, "osmid": "40784890", "highway": "residential", "name": "Şair Latifi Sokağı", "oneway": true, "reversed": "False", "length": 77.531289495537976, "lanes": null, "maxspeed": null, "access": null, "width": null }, "geometry": { "type": "LineString", "coordinates": [ [ 29.0300093, 40.9839072 ], [ 29.0299801, 40.9839137 ], [ 29.0297688, 40.9839609 ], [ 29.0291319, 40.9841247 ] ] } },
{ "type": "Feature", "properties": { "u": 678317739, "v": 6643517638, "key": 0, "osmid": "621990109", "highway": "tertiary", "name": "General Asım Gündüz Caddesi", "oneway": true, "reversed": "False", "length": 93.931434592913462, "lanes": "1", "maxspeed": null, "access": null, "width": null }, "geometry": { "type": "LineString", "coordinates": [ [ 29.0276922, 40.9853823 ], [ 29.0276632, 40.9846107 ], [ 29.0276518, 40.9845602 ], [ 29.027647, 40.9845389 ] ] } },
{ "type": "Feature", "properties": { "u": 678317754, "v": 678317694, "key": 0, "osmid": "40784890", "highway": "residential", "name": "Şair Latifi Sokağı", "oneway": true, "reversed": "False", "length": 74.150683437776891, "lanes": null, "maxspeed": null, "access": null, "width": null }, "geometry": { "type": "LineString", "coordinates": [ [ 29.0308669, 40.9837473 ], [ 29.0300093, 40.9839072 ] ] } },
{ "type": "Feature", "properties": { "u": 678317754, "v": 2445138907, "key": 0, "osmid": "53726657", "highway": "residential", "name": "Safa Sokağı", "oneway": true, "reversed": "False", "length": 78.270296094478624, "lanes": null, "maxspeed": null, "access": null, "width": null }, "geometry": { "type": "LineString", "coordinates": [ [ 29.0308669, 40.9837473 ], [ 29.0309385, 40.9840508 ], [ 29.0310409, 40.9844388 ] ] } },
{ "type": "Feature", "properties": { "u": 803882221, "v": 808585353, "key": 0, "osmid": "66939040", "highway": "residential", "name": "Cem Karaca Sokağı", "oneway": false, "reversed": "True", "length": 39.452373482429032, "lanes": null, "maxspeed": null, "access": null, "width": null }, "geometry": { "type": "LineString", "coordinates": [ [ 29.0273747, 40.9805144 ], [ 29.0273971, 40.9808688 ] ] } },
{ "type": "Feature", "properties": { "u": 803882221, "v": 1457277953, "key": 0, "osmid": "236464875", "highway": "residential", "name": "Sağlık Sokağı", "oneway": false, "reversed": "True", "length": 43.828495872586828, "lanes": null, "maxspeed": null, "access": null, "width": null }, "geometry": { "type": "LineString", "coordinates": [ [ 29.0273747, 40.9805144 ], [ 29.0271222, 40.9808594 ] ] } },
{ "type": "Feature", "properties": { "u": 803882225, "v": 803882305, "key": 0, "osmid": "152447453", "highway": "residential", "name": "Şair Nefi Sokağı", "oneway": true, "reversed": "False", "length": 20.138523131431089, "lanes": null, "maxspeed": null, "access": null, "width": null }, "geometry": { "type": "LineString", "coordinates": [ [ 29.0261266, 40.9815908 ], [ 29.0261291, 40.9817719 ] ] } },
{ "type": "Feature", "properties": { "u": 803882225, "v": 808585305, "key": 0, "osmid": "342692384", "highway": "residential", "name": "Hülya Sokağı", "oneway": true, "reversed": "False", "length": 45.988997008452039, "lanes": null, "maxspeed": null, "access": null, "width": "4" }, "geometry": { "type": "LineString", "coordinates": [ [ 29.0261266, 40.9815908 ], [ 29.0266743, 40.9815809 ] ] } },
{ "type": "Feature", "properties": { "u": 803882227, "v": 808585339, "key": 0, "osmid": "66939035", "highway": "residential", "name": "Emin Onat Sokağı", "oneway": false, "reversed": "True", "length": 50.947555979214471, "lanes": null, "maxspeed": null, "access": null, "width": null }, "geometry": { "type": "LineString", "coordinates": [ [ 29.0268182, 40.9813737 ], [ 29.0274248, 40.9813887 ] ] } },
{ "type": "Feature", "properties": { "u": 803882227, "v": 1457277953, "key": 0, "osmid": "236464875", "highway": "residential", "name": "Sağlık Sokağı", "oneway": false, "reversed": "False", "length": 62.623029761359597, "lanes": null, "maxspeed": null, "access": null, "width": null }, "geometry": { "type": "LineString", "coordinates": [ [ 29.0268182, 40.9813737 ], [ 29.0271222, 40.9808594 ] ] } },
{ "type": "Feature", "properties": { "u": 803882227, "v": 808585305, "key": 0, "osmid": "236464875", "highway": "residential", "name": "Sağlık Sokağı", "oneway": false, "reversed": "True", "length": 26.01418837334759, "lanes": null, "maxspeed": null, "access": null, "width": null }, "geometry": { "type": "LineString", "coordinates": [ [ 29.0268182, 40.9813737 ], [ 29.0266743, 40.9815809 ] ] } },
{ "type": "Feature", "properties": { "u": 803882232, "v": 4716959678, "key": 0, "osmid": "66320561", "highway": "residential", "name": "Şair Nefi Sokağı", "oneway": false, "reversed": "False", "length": 35.945333679406097, "lanes": null, "maxspeed": null, "access": null, "width": null }, "geometry": { "type": "LineString", "coordinates": [ [ 29.0261234, 40.9808125 ], [ 29.0261149, 40.9804893 ] ] } },
{ "type": "Feature", "properties": { "u": 803882232, "v": 4716733505, "key": 0, "osmid": "152447453", "highway": "residential", "name": "Şair Nefi Sokağı", "oneway": true, "reversed": "False", "length": 70.332193441576294, "lanes": null, "maxspeed": null, "access": null, "width": null }, "geometry": { "type": "LineString", "coordinates": [ [ 29.0261234, 40.9808125 ], [ 29.0261285, 40.981445 ] ] } },
{ "type": "Feature", "properties": { "u": 803882290, "v": 803882336, "key": 0, "osmid": "66320587", "highway": "residential", "name": "Cem Sokağı", "oneway": true, "reversed": "False", "length": 73.248001528624144, "lanes": null, "maxspeed": null, "access": null, "width": null }, "geometry": { "type": "LineString", "coordinates": [ [ 29.0250195, 40.983884 ], [ 29.0246627, 40.9839828 ], [ 29.0241968, 40.9841035 ] ] } },
{ "type": "Feature", "properties": { "u": 803882295, "v": 803882303, "key": 0, "osmid": "66320572", "highway": "residential", "name": "Moda Bostanı Sokağı", "oneway": true, "reversed": "False", "length": 23.809565782355726, "lanes": null, "maxspeed": null, "access": null, "width": null }, "geometry": { "type": "LineString", "coordinates": [ [ 29.0240082, 40.9818199 ], [ 29.0240948, 40.9820238 ] ] } },
{ "type": "Feature", "properties": { "u": 803882303, "v": 803882309, "key": 0, "osmid": "66320573", "highway": "residential", "name": "Yusuf Kamil Paşa Sokağı", "oneway": true, "reversed": "False", "length": 56.947860532573785, "lanes": null, "maxspeed": null, "access": null, "width": null }, "geometry": { "type": "LineString", "coordinates": [ [ 29.0240948, 40.9820238 ], [ 29.0247622, 40.9819319 ] ] } },
{ "type": "Feature", "properties": { "u": 803882303, "v": 803882290, "key": 0, "osmid": "66320572", "highway": "residential", "name": "Moda Bostanı Sokağı", "oneway": true, "reversed": "False", "length": 220.93234684953154, "lanes": null, "maxspeed": null, "access": null, "width": null }, "geometry": { "type": "LineString", "coordinates": [ [ 29.0240948, 40.9820238 ], [ 29.0241143, 40.9820635 ], [ 29.0246649, 40.9831843 ], [ 29.0250195, 40.983884 ] ] } },
{ "type": "Feature", "properties": { "u": 803882305, "v": 808585327, "key": 0, "osmid": "152447453", "highway": "residential", "name": "Şair Nefi Sokağı", "oneway": true, "reversed": "False", "length": 176.78223877821569, "lanes": null, "maxspeed": null, "access": null, "width": null }, "geometry": { "type": "LineString", "coordinates": [ [ 29.0261291, 40.9817719 ], [ 29.0260499, 40.9823685 ], [ 29.0260144, 40.9828068 ], [ 29.0260403, 40.9829367 ], [ 29.0260673, 40.9830714 ], [ 29.0260968, 40.9831356 ], [ 29.0261256, 40.9831986 ], [ 29.0261903, 40.9833393 ] ] } },
{ "type": "Feature", "properties": { "u": 803882307, "v": 803882295, "key": 0, "osmid": "66320575", "highway": "residential", "name": "Şinasi Efendi Sokağı", "oneway": true, "reversed": "False", "length": 66.065368409584181, "lanes": null, "maxspeed": null, "access": null, "width": null }, "geometry": { "type": "LineString", "coordinates": [ [ 29.0245833, 40.9814143 ], [ 29.0240082, 40.9818199 ] ] } },
{ "type": "Feature", "properties": { "u": 803882307, "v": 803882309, "key": 0, "osmid": "66320576", "highway": "residential", "name": "Atıfet Sokağı", "oneway": true, "reversed": "False", "length": 59.510576218456819, "lanes": null, "maxspeed": null, "access": null, "width": null }, "geometry": { "type": "LineString", "coordinates": [ [ 29.0245833, 40.9814143 ], [ 29.0246467, 40.9815674 ], [ 29.0247622, 40.9819319 ] ] } },
{ "type": "Feature", "properties": { "u": 803882309, "v": 8077602945, "key": 0, "osmid": "66320573", "highway": "residential", "name": "Yusuf Kamil Paşa Sokağı", "oneway": true, "reversed": "False", "length": 54.350740814637625, "lanes": null, "maxspeed": null, "access": null, "width": null }, "geometry": { "type": "LineString", "coordinates": [ [ 29.0247622, 40.9819319 ], [ 29.0252092, 40.981877 ], [ 29.0254016, 40.981855 ] ] } },
{ "type": "Feature", "properties": { "u": 803882313, "v": 803882307, "key": 0, "osmid": "66320576", "highway": "residential", "name": "Atıfet Sokağı", "oneway": true, "reversed": "False", "length": 69.928966067791166, "lanes": null, "maxspeed": null, "access": null, "width": null }, "geometry": { "type": "LineString", "coordinates": [ [ 29.0241339, 40.9809016 ], [ 29.0245298, 40.9812469 ], [ 29.0245833, 40.9814143 ] ] } },
{ "type": "Feature", "properties": { "u": 803882313, "v": 803882232, "key": 0, "osmid": "66320579", "highway": "residential", "name": "Moda Mektebi Sokağı", "oneway": true, "reversed": "False", "length": 167.43274612294641, "lanes": null, "maxspeed": null, "access": null, "width": null }, "geometry": { "type": "LineString", "coordinates": [ [ 29.0241339, 40.9809016 ], [ 29.0254148, 40.9808156 ], [ 29.0261234, 40.9808125 ] ] } },
{ "type": "Feature", "properties": { "u": 803882323, "v": 1457277993, "key": 0, "osmid": "694745767", "highway": "tertiary", "name": "Moda Caddesi", "oneway": true, "reversed": "False", "length": 23.068821727847197, "lanes": "1", "maxspeed": "50", "access": null, "width": null }, "geometry": { "type": "LineString", "coordinates": [ [ 29.0246508, 40.9847497 ], [ 29.0245259, 40.9845649 ] ] } },
{ "type": "Feature", "properties": { "u": 803882323, "v": 803882329, "key": 0, "osmid": "66320583", "highway": "residential", "name": "Ağabey Sokağı", "oneway": true, "reversed": "False", "length": 131.34319726814633, "lanes": null, "maxspeed": null, "access": null, "width": null }, "geometry": { "type": "LineString", "coordinates": [ [ 29.0246508, 40.9847497 ], [ 29.02546, 40.9844363 ], [ 29.0258549, 40.9842931 ], [ 29.0260523, 40.9842248 ] ] } },
{ "type": "Feature", "properties": { "u": 803882329, "v": 2442359936, "key": 0, "osmid": "66320583", "highway": "residential", "name": "Ağabey Sokağı", "oneway": true, "reversed": "False", "length": 49.414695580395232, "lanes": null, "maxspeed": null, "access": null, "width": null }, "geometry": { "type": "LineString", "coordinates": [ [ 29.0260523, 40.9842248 ], [ 29.0265788, 40.984026 ] ] } },
{ "type": "Feature", "properties": { "u": 803882336, "v": 1457277987, "key": 0, "osmid": "694745767", "highway": "tertiary", "name": "Moda Caddesi", "oneway": true, "reversed": "False", "length": 26.876871013054725, "lanes": "1", "maxspeed": "50", "access": null, "width": null }, "geometry": { "type": "LineString", "coordinates": [ [ 29.0241968, 40.9841035 ], [ 29.0240555, 40.9838866 ] ] } },
{ "type": "Feature", "properties": { "u": 803882336, "v": 1457277992, "key": 0, "osmid": "132474430", "highway": "residential", "name": "Rıza Paşa Sokağı", "oneway": true, "reversed": "False", "length": 68.655221264248823, "lanes": null, "maxspeed": null, "access": null, "width": null }, "geometry": { "type": "LineString", "coordinates": [ [ 29.0241968, 40.9841035 ], [ 29.0241393, 40.9841253 ], [ 29.0234679, 40.9843836 ] ] } },
{ "type": "Feature", "properties": { "u": 808585149, "v": 6788186077, "key": 0, "osmid": "66939010", "highway": "residential", "name": "Şehit Cem Nuri Başgül Sokağı", "oneway": false, "reversed": "False", "length": 59.886725980665268, "lanes": null, "maxspeed": null, "access": null, "width": null }, "geometry": { "type": "LineString", "coordinates": [ [ 29.0267293, 40.981798 ], [ 29.0274397, 40.9817485 ] ] } },
{ "type": "Feature", "properties": { "u": 808585149, "v": 3496560165, "key": 0, "osmid": "342692384", "highway": "residential", "name": "Hülya Sokağı", "oneway": true, "reversed": "False", "length": 148.98128500118494, "lanes": null, "maxspeed": null, "access": null, "width": "4" }, "geometry": { "type": "LineString", "coordinates": [ [ 29.0267293, 40.981798 ], [ 29.0268696, 40.982173 ], [ 29.0272144, 40.9830868 ] ] } },
{ "type": "Feature", "properties": { "u": 808585174, "v": 808585183, "key": 0, "osmid": "66939014", "highway": "residential", "name": "Şifa Sokağı", "oneway": false, "reversed": "True", "length": 53.061204771489344, "lanes": null, "maxspeed": null, "access": null, "width": null }, "geometry": { "type": "LineString", "coordinates": [ [ 29.0309666, 40.9810009 ], [ 29.0310073, 40.9814771 ] ] } },
{ "type": "Feature", "properties": { "u": 808585183, "v": 808585174, "key": 0, "osmid": "66939014", "highway": "residential", "name": "Şifa Sokağı", "oneway": false, "reversed": "False", "length": 53.061204771489344, "lanes": null, "maxspeed": null, "access": null, "width": null }, "geometry": { "type": "LineString", "coordinates": [ [ 29.0310073, 40.9814771 ], [ 29.0309666, 40.9810009 ] ] } },
{ "type": "Feature", "properties": { "u": 808585183, "v": 2370901306, "key": 0, "osmid": "66939014", "highway": "residential", "name": "Şifa Sokağı", "oneway": false, "reversed": "True", "length": 25.933866215247427, "lanes": null, "maxspeed": null, "access": null, "width": null }, "geometry": { "type": "LineString", "coordinates": [ [ 29.0310073, 40.9814771 ], [ 29.0310317, 40.9817096 ] ] } },
{ "type": "Feature", "properties": { "u": 808585183, "v": 2449949871, "key": 0, "osmid": "66939016", "highway": "residential", "name": "Yenikapı Çıkmazı Sokağı", "oneway": false, "reversed": "False", "length": 91.633610174504369, "lanes": null, "maxspeed": null, "access": null, "width": null }, "geometry": { "type": "LineString", "coordinates": [ [ 29.0310073, 40.9814771 ], [ 29.0320893, 40.981368 ] ] } },
{ "type": "Feature", "properties": { "u": 808585305, "v": 803882227, "key": 0, "osmid": "236464875", "highway": "residential", "name": "Sağlık Sokağı", "oneway": false, "reversed": "False", "length": 26.01418837334759, "lanes": null, "maxspeed": null, "access": null, "width": null }, "geometry": { "type": "LineString", "coordinates": [ [ 29.0266743, 40.9815809 ], [ 29.0268182, 40.9813737 ] ] } },
{ "type": "Feature", "properties": { "u": 808585305, "v": 808585149, "key": 0, "osmid": "342692384", "highway": "residential", "name": "Hülya Sokağı", "oneway": true, "reversed": "False", "length": 24.577979012646271, "lanes": null, "maxspeed": null, "access": null, "width": "4" }, "geometry": { "type": "LineString", "coordinates": [ [ 29.0266743, 40.9815809 ], [ 29.0267293, 40.981798 ] ] } },
{ "type": "Feature", "properties": { "u": 808585327, "v": 3496560165, "key": 0, "osmid": "66939034", "highway": "residential", "name": "Hülya Sokağı", "oneway": true, "reversed": "False", "length": 90.433258069806783, "lanes": null, "maxspeed": null, "access": null, "width": null }, "geometry": { "type": "LineString", "coordinates": [ [ 29.0261903, 40.9833393 ], [ 29.0272144, 40.9830868 ] ] } },
{ "type": "Feature", "properties": { "u": 808585327, "v": 2445138893, "key": 0, "osmid": "1018486128", "highway": "residential", "name": "Şair Nefi Sokağı", "oneway": false, "reversed": "False", "length": 21.953304785048417, "lanes": null, "maxspeed": null, "access": null, "width": null }, "geometry": { "type": "LineString", "coordinates": [ [ 29.0261903, 40.9833393 ], [ 29.026273, 40.9835266 ] ] } },
{ "type": "Feature", "properties": { "u": 808585335, "v": 808585339, "key": 0, "osmid": "66939035", "highway": "residential", "name": "Emin Onat Sokağı", "oneway": false, "reversed": "False", "length": 147.91752813833099, "lanes": null, "maxspeed": null, "access": null, "width": null }, "geometry": { "type": "LineString", "coordinates": [ [ 29.0291861, 40.9814289 ], [ 29.0274248, 40.9813887 ] ] } },
{ "type": "Feature", "properties": { "u": 808585335, "v": 6788186077, "key": 0, "osmid": [ 66939010, 66939012 ], "highway": "residential", "name": "Şehit Cem Nuri Başgül Sokağı", "oneway": false, "reversed": [ false, true ], "length": 180.79869284635404, "lanes": null, "maxspeed": null, "access": null, "width": null }, "geometry": { "type": "LineString", "coordinates": [ [ 29.0291861, 40.9814289 ], [ 29.0290812, 40.9818061 ], [ 29.0274397, 40.9817485 ] ] } },
{ "type": "Feature", "properties": { "u": 808585335, "v": 808585353, "key": 0, "osmid": [ 66939012, 132474414 ], "highway": "residential", "name": [ "Şehit Cem Nuri Başgül Sokağı", "Nezihe Gürbüz Sokağı" ], "oneway": false, "reversed": "True", "length": 195.9842610595648, "lanes": null, "maxspeed": null, "access": null, "width": null }, "geometry": { "type": "LineString", "coordinates": [ [ 29.0291861, 40.9814289 ], [ 29.0292091, 40.9811118 ], [ 29.0291432, 40.9810026 ], [ 29.0273971, 40.9808688 ] ] } },
{ "type": "Feature", "properties": { "u": 808585339, "v": 803882227, "key": 0, "osmid": "66939035", "highway": "residential", "name": "Emin Onat Sokağı", "oneway": false, "reversed": "False", "length": 50.947555979214471, "lanes": null, "maxspeed": null, "access": null, "width": null }, "geometry": { "type": "LineString", "coordinates": [ [ 29.0274248, 40.9813887 ], [ 29.0268182, 40.9813737 ] ] } },
{ "type": "Feature", "properties": { "u": 808585339, "v": 808585335, "key": 0, "osmid": "66939035", "highway": "residential", "name": "Emin Onat Sokağı", "oneway": false, "reversed": "True", "length": 147.91752813833099, "lanes": null, "maxspeed": null, "access": null, "width": null }, "geometry": { "type": "LineString", "coordinates": [ [ 29.0274248, 40.9813887 ], [ 29.0291861, 40.9814289 ] ] } },
{ "type": "Feature", "properties": { "u": 808585339, "v": 808585353, "key": 0, "osmid": "66939040", "highway": "residential", "name": "Cem Karaca Sokağı", "oneway": false, "reversed": "False", "length": 57.857068266561491, "lanes": null, "maxspeed": null, "access": null, "width": null }, "geometry": { "type": "LineString", "coordinates": [ [ 29.0274248, 40.9813887 ], [ 29.0273971, 40.9808688 ] ] } },
{ "type": "Feature", "properties": { "u": 808585339, "v": 6788186077, "key": 0, "osmid": "66939040", "highway": "residential", "name": "Cem Karaca Sokağı", "oneway": false, "reversed": "True", "length": 40.027537373457228, "lanes": null, "maxspeed": null, "access": null, "width": null }, "geometry": { "type": "LineString", "coordinates": [ [ 29.0274248, 40.9813887 ], [ 29.0274397, 40.9817485 ] ] } },
{ "type": "Feature", "properties": { "u": 808585353, "v": 803882221, "key": 0, "osmid": "66939040", "highway": "residential", "name": "Cem Karaca Sokağı", "oneway": false, "reversed": "False", "length": 39.452373482429032, "lanes": null, "maxspeed": null, "access": null, "width": null }, "geometry": { "type": "LineString", "coordinates": [ [ 29.0273971, 40.9808688 ], [ 29.0273747, 40.9805144 ] ] } },
{ "type": "Feature", "properties": { "u": 808585353, "v": 808585339, "key": 0, "osmid": "66939040", "highway": "residential", "name": "Cem Karaca Sokağı", "oneway": false, "reversed": "True", "length": 57.857068266561491, "lanes": null, "maxspeed": null, "access": null, "width": null }, "geometry": { "type": "LineString", "coordinates": [ [ 29.0273971, 40.9808688 ], [ 29.0274248, 40.9813887 ] ] } },
{ "type": "Feature", "properties": { "u": 808585353, "v": 1457277953, "key": 0, "osmid": "132474414", "highway": "residential", "name": "Nezihe Gürbüz Sokağı", "oneway": false, "reversed": "True", "length": 23.099962723400708, "lanes": null, "maxspeed": null, "access": null, "width": null }, "geometry": { "type": "LineString", "coordinates": [ [ 29.0273971, 40.9808688 ], [ 29.0271222, 40.9808594 ] ] } },
{ "type": "Feature", "properties": { "u": 808585353, "v": 808585335, "key": 0, "osmid": [ 66939012, 132474414 ], "highway": "residential", "name": [ "Şehit Cem Nuri Başgül Sokağı", "Nezihe Gürbüz Sokağı" ], "oneway": false, "reversed": "False", "length": 195.98426105956477, "lanes": null, "maxspeed": null, "access": null, "width": null }, "geometry": { "type": "LineString", "coordinates": [ [ 29.0273971, 40.9808688 ], [ 29.0291432, 40.9810026 ], [ 29.0292091, 40.9811118 ], [ 29.0291861, 40.9814289 ] ] } },
{ "type": "Feature", "properties": { "u": 968710940, "v": 6522711379, "key": 0, "osmid": "66320584", "highway": "residential", "name": "Ruşen Ağa Sokağı", "oneway": true, "reversed": "False", "length": 62.651244040948498, "lanes": null, "maxspeed": null, "access": null, "width": null }, "geometry": { "type": "LineString", "coordinates": [ [ 29.0263174, 40.9846322 ], [ 29.0266449, 40.9851385 ] ] } },
{ "type": "Feature", "properties": { "u": 968710940, "v": 803882329, "key": 0, "osmid": "1018486130", "highway": "residential", "name": "Ruşen Ağa Sokağı", "oneway": true, "reversed": "False", "length": 50.471187897615366, "lanes": null, "maxspeed": null, "access": null, "width": null }, "geometry": { "type": "LineString", "coordinates": [ [ 29.0263174, 40.9846322 ], [ 29.0260523, 40.9842248 ] ] } },
{ "type": "Feature", "properties": { "u": 968710940, "v": 2445138906, "key": 0, "osmid": "1018486129", "highway": "residential", "name": "Bademaltı Sokağı", "oneway": true, "reversed": "False", "length": 53.584386782169446, "lanes": null, "maxspeed": null, "access": null, "width": null }, "geometry": { "type": "LineString", "coordinates": [ [ 29.0263174, 40.9846322 ], [ 29.026596, 40.984526 ], [ 29.0268941, 40.9844259 ] ] } },
{ "type": "Feature", "properties": { "u": 1457277897, "v": 1457277898, "key": 0, "osmid": "1018486127", "highway": "residential", "name": "Ferit Tek Sokağı", "oneway": true, "reversed": "False", "length": 42.998195271078842, "lanes": "1", "maxspeed": null, "access": null, "width": null }, "geometry": { "type": "LineString", "coordinates": [ [ 29.0228371, 40.9791728 ], [ 29.0232754, 40.9793729 ] ] } },
{ "type": "Feature", "properties": { "u": 1457277897, "v": 1457277914, "key": 0, "osmid": "132698944", "highway": "residential", "name": "Ferit Tek Sokağı", "oneway": true, "reversed": "False", "length": 135.06476165771042, "lanes": null, "maxspeed": null, "access": null, "width": null }, "geometry": { "type": "LineString", "coordinates": [ [ 29.0228371, 40.9791728 ], [ 29.0224592, 40.9789938 ], [ 29.0219461, 40.9795852 ], [ 29.0218291, 40.9797315 ] ] } },
{ "type": "Feature", "properties": { "u": 1457277898, "v": 1457277910, "key": 0, "osmid": "1018486127", "highway": "residential", "name": "Ferit Tek Sokağı", "oneway": true, "reversed": "False", "length": 47.144317471324037, "lanes": "1", "maxspeed": null, "access": null, "width": null }, "geometry": { "type": "LineString", "coordinates": [ [ 29.0232754, 40.9793729 ], [ 29.0236392, 40.9795482 ], [ 29.0237488, 40.979601 ] ] } },
{ "type": "Feature", "properties": { "u": 1457277910, "v": 1457277936, "key": 0, "osmid": "132474428", "highway": "residential", "name": "Lütfübey Sokağı", "oneway": true, "reversed": "False", "length": 90.558146110489531, "lanes": null, "maxspeed": null, "access": null, "width": null }, "geometry": { "type": "LineString", "coordinates": [ [ 29.0237488, 40.979601 ], [ 29.0232419, 40.9803199 ] ] } },
{ "type": "Feature", "properties": { "u": 1457277910, "v": 495691862, "key": 0, "osmid": [ 1192821952, 132474423 ], "highway": "residential", "name": "Ferit Tek Sokağı", "oneway": true, "reversed": "False", "length": 139.38622559087565, "lanes": "1", "maxspeed": null, "access": null, "width": null }, "geometry": { "type": "LineString", "coordinates": [ [ 29.0237488, 40.979601 ], [ 29.024247, 40.979849 ], [ 29.0238141, 40.9804554 ], [ 29.0237805, 40.9805667 ] ] } },
{ "type": "Feature", "properties": { "u": 1457277911, "v": 495691862, "key": 0, "osmid": [ 236594017, 1185549443 ], "highway": "residential", "name": "Moda Caddesi", "oneway": false, "reversed": "True", "length": 122.88199344460133, "lanes": "1", "maxspeed": "50", "access": null, "width": null }, "geometry": { "type": "LineString", "coordinates": [ [ 29.0247932, 40.9797689 ], [ 29.0245158, 40.979998 ], [ 29.024494, 40.980015 ], [ 29.0241685, 40.980268 ], [ 29.0241127, 40.980311 ], [ 29.0238373, 40.980523 ], [ 29.0238175, 40.9805382 ], [ 29.0237935, 40.9805567 ], [ 29.0237805, 40.9805667 ] ] } },
{ "type": "Feature", "properties": { "u": 1457277914, "v": 1457277949, "key": 0, "osmid": [ 132698944, 132474411 ], "highway": "residential", "name": [ "Ferit Tek Sokağı", "Osman Zeki Üngör Sokağı" ], "oneway": true, "reversed": "False", "length": 138.92138567034272, "lanes": null, "maxspeed": null, "access": null, "width": null }, "geometry": { "type": "LineString", "coordinates": [ [ 29.0218291, 40.9797315 ], [ 29.021619, 40.979952 ], [ 29.0213695, 40.9802563 ], [ 29.0212835, 40.9803883 ], [ 29.0212768, 40.9804304 ], [ 29.0213237, 40.9804598 ], [ 29.0217647, 40.9806518 ] ] } },
{ "type": "Feature", "properties": { "u": 1457277928, "v": 1457277897, "key": 0, "osmid": "132474408", "highway": "residential", "name": "Hüseyin Bey Sokağı", "oneway": true, "reversed": "False", "length": 95.286152238202646, "lanes": null, "maxspeed": null, "access": null, "width": null }, "geometry": { "type": "LineString", "coordinates": [ [ 29.0222725, 40.9799162 ], [ 29.0228371, 40.9791728 ] ] } },
{ "type": "Feature", "properties": { "u": 1457277928, "v": 1457277914, "key": 0, "osmid": "132474429", "highway": "residential", "name": "Nene Hatun Sokağı", "oneway": true, "reversed": "False", "length": 42.511639932542117, "lanes": null, "maxspeed": null, "access": null, "width": null }, "geometry": { "type": "LineString", "coordinates": [ [ 29.0222725, 40.9799162 ], [ 29.0218291, 40.9797315 ] ] } },
{ "type": "Feature", "properties": { "u": 1457277934, "v": 1457277898, "key": 0, "osmid": "132474427", "highway": "residential", "name": "Fazıl Paşa Sokağı", "oneway": true, "reversed": "False", "length": 92.952026783864952, "lanes": null, "maxspeed": null, "access": null, "width": null }, "geometry": { "type": "LineString", "coordinates": [ [ 29.0227499, 40.9801087 ], [ 29.0232754, 40.9793729 ] ] } },
{ "type": "Feature", "properties": { "u": 1457277934, "v": 1457277928, "key": 0, "osmid": "132474429", "highway": "residential", "name": "Nene Hatun Sokağı", "oneway": true, "reversed": "False", "length": 45.433756364364989, "lanes": null, "maxspeed": null, "access": null, "width": null }, "geometry": { "type": "LineString", "coordinates": [ [ 29.0227499, 40.9801087 ], [ 29.0222725, 40.9799162 ] ] } },
{ "type": "Feature", "properties": { "u": 1457277936, "v": 1457277955, "key": 0, "osmid": "132474428", "highway": "residential", "name": "Lütfübey Sokağı", "oneway": true, "reversed": "False", "length": 89.934802150854424, "lanes": null, "maxspeed": null, "access": null, "width": null }, "geometry": { "type": "LineString", "coordinates": [ [ 29.0232419, 40.9803199 ], [ 29.0227112, 40.9810225 ] ] } },
{ "type": "Feature", "properties": { "u": 1457277936, "v": 1457277934, "key": 0, "osmid": "132474429", "highway": "residential", "name": "Nene Hatun Sokağı", "oneway": true, "reversed": "False", "length": 47.510968726522421, "lanes": null, "maxspeed": null, "access": null, "width": null }, "geometry": { "type": "LineString", "coordinates": [ [ 29.0232419, 40.9803199 ], [ 29.0227499, 40.9801087 ] ] } },
{ "type": "Feature", "properties": { "u": 1457277949, "v": 1457277928, "key": 0, "osmid": "132474408", "highway": "residential", "name": "Hüseyin Bey Sokağı", "oneway": true, "reversed": "False", "length": 92.236257659922401, "lanes": null, "maxspeed": null, "access": null, "width": null }, "geometry": { "type": "LineString", "coordinates": [ [ 29.0217647, 40.9806518 ], [ 29.0222725, 40.9799162 ] ] } },
{ "type": "Feature", "properties": { "u": 1457277949, "v": 1457277952, "key": 0, "osmid": "132474411", "highway": "residential", "name": "Osman Zeki Üngör Sokağı", "oneway": true, "reversed": "False", "length": 42.455569980856069, "lanes": null, "maxspeed": null, "access": null, "width": null }, "geometry": { "type": "LineString", "coordinates": [ [ 29.0217647, 40.9806518 ], [ 29.022208, 40.9808356 ] ] } },
{ "type": "Feature", "properties": { "u": 1457277952, "v": 1457277955, "key": 0, "osmid": "132474411", "highway": "residential", "name": "Osman Zeki Üngör Sokağı", "oneway": true, "reversed": "False", "length": 47.076407486333508, "lanes": null, "maxspeed": null, "access": null, "width": null }, "geometry": { "type": "LineString", "coordinates": [ [ 29.022208, 40.9808356 ], [ 29.0227112, 40.9810225 ] ] } },
{ "type": "Feature", "properties": { "u": 1457277952, "v": 1457277934, "key": 0, "osmid": "132474427", "highway": "residential", "name": "Fazıl Paşa Sokağı", "oneway": true, "reversed": "False", "length": 92.749298573197137, "lanes": null, "maxspeed": null, "access": null, "width": null }, "geometry": { "type": "LineString", "coordinates": [ [ 29.022208, 40.9808356 ], [ 29.0227499, 40.9801087 ] ] } },
{ "type": "Feature", "properties": { "u": 1457277953, "v": 808585353, "key": 0, "osmid": "132474414", "highway": "residential", "name": "Nezihe Gürbüz Sokağı", "oneway": false, "reversed": "False", "length": 23.099962723400708, "lanes": null, "maxspeed": null, "access": null, "width": null }, "geometry": { "type": "LineString", "coordinates": [ [ 29.0271222, 40.9808594 ], [ 29.0273971, 40.9808688 ] ] } },
{ "type": "Feature", "properties": { "u": 1457277953, "v": 803882221, "key": 0, "osmid": "236464875", "highway": "residential", "name": "Sağlık Sokağı", "oneway": false, "reversed": "False", "length": 43.828495872586828, "lanes": null, "maxspeed": null, "access": null, "width": null }, "geometry": { "type": "LineString", "coordinates": [ [ 29.0271222, 40.9808594 ], [ 29.0273747, 40.9805144 ] ] } },
{ "type": "Feature", "properties": { "u": 1457277953, "v": 803882227, "key": 0, "osmid": "236464875", "highway": "residential", "name": "Sağlık Sokağı", "oneway": false, "reversed": "True", "length": 62.623029761359597, "lanes": null, "maxspeed": null, "access": null, "width": null }, "geometry": { "type": "LineString", "coordinates": [ [ 29.0271222, 40.9808594 ], [ 29.0268182, 40.9813737 ] ] } },
{ "type": "Feature", "properties": { "u": 1457277955, "v": 6512658638, "key": 0, "osmid": "132474411", "highway": "residential", "name": "Osman Zeki Üngör Sokağı", "oneway": true, "reversed": "False", "length": 50.664125830790994, "lanes": null, "maxspeed": null, "access": null, "width": null }, "geometry": { "type": "LineString", "coordinates": [ [ 29.0227112, 40.9810225 ], [ 29.0232473, 40.9812318 ] ] } },
{ "type": "Feature", "properties": { "u": 1457277955, "v": 1457277965, "key": 0, "osmid": "132474428", "highway": "residential", "name": "Lütfübey Sokağı", "oneway": true, "reversed": "False", "length": 56.735304826357492, "lanes": null, "maxspeed": null, "access": null, "width": null }, "geometry": { "type": "LineString", "coordinates": [ [ 29.0227112, 40.9810225 ], [ 29.0223887, 40.9814709 ] ] } },
{ "type": "Feature", "properties": { "u": 1457277965, "v": 1457277967, "key": 0, "osmid": "132474404", "highway": "residential", "name": "Ferit Tek Sokağı", "oneway": true, "reversed": "False", "length": 54.047922727754013, "lanes": "1", "maxspeed": null, "access": null, "width": null }, "geometry": { "type": "LineString", "coordinates": [ [ 29.0223887, 40.9814709 ], [ 29.021748, 40.981519 ] ] } },
{ "type": "Feature", "properties": { "u": 1457277967, "v": 1457277968, "key": 0, "osmid": "132474404", "highway": "residential", "name": "Ferit Tek Sokağı", "oneway": true, "reversed": "False", "length": 34.902149902998779, "lanes": "1", "maxspeed": null, "access": null, "width": null }, "geometry": { "type": "LineString", "coordinates": [ [ 29.021748, 40.981519 ], [ 29.0213339, 40.9815472 ] ] } },
{ "type": "Feature", "properties": { "u": 1457277967, "v": 1457277952, "key": 0, "osmid": "132474427", "highway": "residential", "name": "Fazıl Paşa Sokağı", "oneway": true, "reversed": "False", "length": 85.238767745336318, "lanes": null, "maxspeed": null, "access": null, "width": null }, "geometry": { "type": "LineString", "coordinates": [ [ 29.021748, 40.981519 ], [ 29.022208, 40.9808356 ] ] } },
{ "type": "Feature", "properties": { "u": 1457277968, "v": 1457277971, "key": 0, "osmid": "132474401", "highway": "residential", "name": "Başar çıkmazı", "oneway": false, "reversed": "False", "length": 55.893236844460652, "lanes": null, "maxspeed": null, "access": null, "width": null }, "geometry": { "type": "LineString", "coordinates": [ [ 29.0213339, 40.9815472 ], [ 29.0214023, 40.9820472 ] ] } },
{ "type": "Feature", "properties": { "u": 1457277968, "v": 1457277949, "key": 0, "osmid": [ 132474408, 132474404, 1210849711 ], "highway": "residential", "name": [ "Ferit Tek Sokağı", "Hüseyin Bey Sokağı" ], "oneway": true, "reversed": "False", "length": 121.96020726791402, "lanes": "1", "maxspeed": null, "access": null, "width": null }, "geometry": { "type": "LineString", "coordinates": [ [ 29.0213339, 40.9815472 ], [ 29.0212572, 40.9815462 ], [ 29.0212087, 40.9815358 ], [ 29.0211833, 40.9815152 ], [ 29.0211946, 40.9814564 ], [ 29.0211967, 40.9814453 ], [ 29.0212525, 40.9813711 ], [ 29.0214404, 40.9811164 ], [ 29.0215272, 40.9809988 ], [ 29.0217647, 40.9806518 ] ] } },
{ "type": "Feature", "properties": { "u": 1457277971, "v": 1457277968, "key": 0, "osmid": "132474401", "highway": "residential", "name": "Başar çıkmazı", "oneway": false, "reversed": "True", "length": 55.893236844460652, "lanes": null, "maxspeed": null, "access": null, "width": null }, "geometry": { "type": "LineString", "coordinates": [ [ 29.0214023, 40.9820472 ], [ 29.0213339, 40.9815472 ] ] } },
{ "type": "Feature", "properties": { "u": 1457277973, "v": 1457277979, "key": 0, "osmid": "132474402", "highway": "residential", "name": "Belkız Dilligil Sokağı", "oneway": false, "reversed": "False", "length": 118.91959911162517, "lanes": null, "maxspeed": null, "access": null, "width": null }, "geometry": { "type": "LineString", "coordinates": [ [ 29.0232701, 40.9822739 ], [ 29.0232212, 40.9822875 ], [ 29.021941, 40.9826441 ] ] } },
{ "type": "Feature", "properties": { "u": 1457277973, "v": 3183586353, "key": 0, "osmid": "694745767", "highway": "tertiary", "name": "Moda Caddesi", "oneway": true, "reversed": "False", "length": 88.898863235729522, "lanes": "1", "maxspeed": "50", "access": null, "width": null }, "geometry": { "type": "LineString", "coordinates": [ [ 29.0232701, 40.9822739 ], [ 29.0231685, 40.9819077 ], [ 29.0231449, 40.981819 ], [ 29.0230452, 40.9814927 ] ] } },
{ "type": "Feature", "properties": { "u": 1457277979, "v": 1457277973, "key": 0, "osmid": "132474402", "highway": "residential", "name": "Belkız Dilligil Sokağı", "oneway": false, "reversed": "True", "length": 118.91959911162517, "lanes": null, "maxspeed": null, "access": null, "width": null }, "geometry": { "type": "LineString", "coordinates": [ [ 29.021941, 40.9826441 ], [ 29.0232212, 40.9822875 ], [ 29.0232701, 40.9822739 ] ] } },
{ "type": "Feature", "properties": { "u": 1457277986, "v": 1915743047, "key": 0, "osmid": "40781018", "highway": "residential", "name": "Yeni Fikir Sokağı", "oneway": true, "reversed": "False", "length": 25.181720687859801, "lanes": null, "maxspeed": null, "access": null, "width": null }, "geometry": { "type": "LineString", "coordinates": [ [ 29.0223326, 40.9836957 ], [ 29.0226176, 40.983625 ] ] } },
{ "type": "Feature", "properties": { "u": 1457277986, "v": 1457277989, "key": 0, "osmid": "1034454807", "highway": "residential", "name": "Bülbüllü Sokak", "oneway": true, "reversed": "False", "length": 54.325693978267545, "lanes": null, "maxspeed": null, "access": null, "width": null }, "geometry": { "type": "LineString", "coordinates": [ [ 29.0223326, 40.9836957 ], [ 29.0225036, 40.9841669 ] ] } },
{ "type": "Feature", "properties": { "u": 1457277987, "v": 1457277988, "key": 0, "osmid": "132474405", "highway": "residential", "name": "Hünkar Sokağı", "oneway": true, "reversed": "False", "length": 70.23278266723662, "lanes": null, "maxspeed": null, "access": null, "width": null }, "geometry": { "type": "LineString", "coordinates": [ [ 29.0240555, 40.9838866 ], [ 29.0239905, 40.9838988 ], [ 29.0232468, 40.9840486 ] ] } },
{ "type": "Feature", "properties": { "u": 1457277987, "v": 495698666, "key": 0, "osmid": "694745767", "highway": "tertiary", "name": "Moda Caddesi", "oneway": true, "reversed": "False", "length": 68.037795936894469, "lanes": "1", "maxspeed": "50", "access": null, "width": null }, "geometry": { "type": "LineString", "coordinates": [ [ 29.0240555, 40.9838866 ], [ 29.0239961, 40.9837841 ], [ 29.0237359, 40.9833243 ] ] } },
{ "type": "Feature", "properties": { "u": 1457277988, "v": 1457277989, "key": 0, "osmid": "1018486121", "highway": "residential", "name": "Hünkar Sokağı", "oneway": false, "reversed": "True", "length": 63.756160892378638, "lanes": null, "maxspeed": null, "access": null, "width": null }, "geometry": { "type": "LineString", "coordinates": [ [ 29.0232468, 40.9840486 ], [ 29.0225036, 40.9841669 ] ] } },
{ "type": "Feature", "properties": { "u": 1457277988, "v": 1457277992, "key": 0, "osmid": "1018486122", "highway": "residential", "name": "Fırıldak Sokağı", "oneway": true, "reversed": "False", "length": 41.617676309315698, "lanes": null, "maxspeed": null, "access": null, "width": null }, "geometry": { "type": "LineString", "coordinates": [ [ 29.0232468, 40.9840486 ], [ 29.0234679, 40.9843836 ] ] } },
{ "type": "Feature", "properties": { "u": 1457277989, "v": 1457277994, "key": 0, "osmid": "132474432", "highway": "residential", "name": "Gürbüz Türk Sokağı", "oneway": true, "reversed": "False", "length": 57.423357760236925, "lanes": null, "maxspeed": null, "access": null, "width": null }, "geometry": { "type": "LineString", "coordinates": [ [ 29.0225036, 40.9841669 ], [ 29.0228153, 40.9846266 ] ] } },
{ "type": "Feature", "properties": { "u": 1457277989, "v": 1457277990, "key": 0, "osmid": "1018486120", "highway": "residential", "name": "Hünkar Sokağı", "oneway": true, "reversed": "False", "length": 47.739040395747978, "lanes": null, "maxspeed": null, "access": null, "width": null }, "geometry": { "type": "LineString", "coordinates": [ [ 29.0225036, 40.9841669 ], [ 29.0219432, 40.9842401 ] ] } },
{ "type": "Feature", "properties": { "u": 1457277989, "v": 1457277988, "key": 0, "osmid": "1018486121", "highway": "residential", "name": "Hünkar Sokağı", "oneway": false, "reversed": "False", "length": 63.756160892378638, "lanes": null, "maxspeed": null, "access": null, "width": null }, "geometry": { "type": "LineString", "coordinates": [ [ 29.0225036, 40.9841669 ], [ 29.0232468, 40.9840486 ] ] } },
{ "type": "Feature", "properties": { "u": 1457277990, "v": 495725879, "key": 0, "osmid": "688633733", "highway": "residential", "name": "Yaver Bey Sokağı", "oneway": true, "reversed": "False", "length": 47.363694040198666, "lanes": null, "maxspeed": null, "access": null, "width": null }, "geometry": { "type": "LineString", "coordinates": [ [ 29.0219432, 40.9842401 ], [ 29.0217471, 40.9838407 ] ] } },
{ "type": "Feature", "properties": { "u": 1457277992, "v": 1457277994, "key": 0, "osmid": "132474430", "highway": "residential", "name": "Rıza Paşa Sokağı", "oneway": true, "reversed": "False", "length": 61.080667061394493, "lanes": null, "maxspeed": null, "access": null, "width": null }, "geometry": { "type": "LineString", "coordinates": [ [ 29.0234679, 40.9843836 ], [ 29.0228153, 40.9846266 ] ] } },
{ "type": "Feature", "properties": { "u": 1457277992, "v": 1457277996, "key": 0, "osmid": "132474431", "highway": "residential", "name": "Fırıldak Sokağı", "oneway": true, "reversed": "False", "length": 60.023790281817831, "lanes": null, "maxspeed": null, "access": null, "width": null }, "geometry": { "type": "LineString", "coordinates": [ [ 29.0234679, 40.9843836 ], [ 29.0234705, 40.9843872 ], [ 29.0238054, 40.9848595 ] ] } },
{ "type": "Feature", "properties": { "u": 1457277993, "v": 803882336, "key": 0, "osmid": "694745767", "highway": "tertiary", "name": "Moda Caddesi", "oneway": true, "reversed": "False", "length": 58.272365935029569, "lanes": "1", "maxspeed": "50", "access": null, "width": null }, "geometry": { "type": "LineString", "coordinates": [ [ 29.0245259, 40.9845649 ], [ 29.0242009, 40.9841105 ], [ 29.0241968, 40.9841035 ] ] } },
{ "type": "Feature", "properties": { "u": 1457277994, "v": 495725909, "key": 0, "osmid": "688633730", "highway": "residential", "name": "Rıza Paşa Sokağı", "oneway": true, "reversed": "False", "length": 59.709027273450921, "lanes": null, "maxspeed": null, "access": null, "width": null }, "geometry": { "type": "LineString", "coordinates": [ [ 29.0228153, 40.9846266 ], [ 29.0221952, 40.9848897 ] ] } },
{ "type": "Feature", "properties": { "u": 1457277994, "v": 1457277997, "key": 0, "osmid": "688633729", "highway": "residential", "name": "Gürbüz Türk Sokağı", "oneway": true, "reversed": "False", "length": 61.799179274950596, "lanes": null, "maxspeed": null, "access": null, "width": null }, "geometry": { "type": "LineString", "coordinates": [ [ 29.0228153, 40.9846266 ], [ 29.0228193, 40.9846321 ], [ 29.0231477, 40.9851225 ] ] } },
{ "type": "Feature", "properties": { "u": 1457277996, "v": 1457278001, "key": 0, "osmid": "132474431", "highway": "residential", "name": "Fırıldak Sokağı", "oneway": true, "reversed": "False", "length": 69.243746652298071, "lanes": null, "maxspeed": null, "access": null, "width": null }, "geometry": { "type": "LineString", "coordinates": [ [ 29.0238054, 40.9848595 ], [ 29.024179, 40.9854147 ] ] } },
{ "type": "Feature", "properties": { "u": 1457277996, "v": 1457277993, "key": 0, "osmid": "132474410", "highway": "residential", "name": "Mühürdar Karakolu Sokağı", "oneway": true, "reversed": "False", "length": 68.780270995074702, "lanes": null, "maxspeed": null, "access": null, "width": null }, "geometry": { "type": "LineString", "coordinates": [ [ 29.0238054, 40.9848595 ], [ 29.0244752, 40.9845856 ], [ 29.0245259, 40.9845649 ] ] } },
{ "type": "Feature", "properties": { "u": 1457277997, "v": 1457277996, "key": 0, "osmid": "132474410", "highway": "residential", "name": "Mühürdar Karakolu Sokağı", "oneway": true, "reversed": "False", "length": 62.474110205774679, "lanes": null, "maxspeed": null, "access": null, "width": null }, "geometry": { "type": "LineString", "coordinates": [ [ 29.0231477, 40.9851225 ], [ 29.0238054, 40.9848595 ] ] } },
{ "type": "Feature", "properties": { "u": 1457277997, "v": 1457278003, "key": 0, "osmid": "688633729", "highway": "residential", "name": "Gürbüz Türk Sokağı", "oneway": true, "reversed": "False", "length": 68.642374697645678, "lanes": null, "maxspeed": null, "access": null, "width": null }, "geometry": { "type": "LineString", "coordinates": [ [ 29.0231477, 40.9851225 ], [ 29.0235367, 40.9856655 ] ] } },
{ "type": "Feature", "properties": { "u": 1457277998, "v": 495672346, "key": 0, "osmid": "688633734", "highway": "residential", "name": "Rıza Paşa Sokağı", "oneway": true, "reversed": "False", "length": 47.985329808286522, "lanes": null, "maxspeed": null, "access": null, "width": null }, "geometry": { "type": "LineString", "coordinates": [ [ 29.0215507, 40.9851399 ], [ 29.0210463, 40.985343 ] ] } },
{ "type": "Feature", "properties": { "u": 1457277998, "v": 1457278002, "key": 0, "osmid": "132474424", "highway": "residential", "name": "Kılaptancı Sokağı", "oneway": true, "reversed": "False", "length": 61.896222322745736, "lanes": null, "maxspeed": null, "access": null, "width": null }, "geometry": { "type": "LineString", "coordinates": [ [ 29.0215507, 40.9851399 ], [ 29.0215552, 40.9851467 ], [ 29.0219128, 40.9856248 ] ] } },
{ "type": "Feature", "properties": { "u": 1457278000, "v": 1457277997, "key": 0, "osmid": "132474410", "highway": "residential", "name": "Mühürdar Karakolu Sokağı", "oneway": true, "reversed": "False", "length": 58.603157743438942, "lanes": null, "maxspeed": null, "access": null, "width": null }, "geometry": { "type": "LineString", "coordinates": [ [ 29.0225378, 40.985379 ], [ 29.0231477, 40.9851225 ] ] } },
{ "type": "Feature", "properties": { "u": 1457278000, "v": 495725909, "key": 0, "osmid": "688633735", "highway": "residential", "name": "Cemal Süreya Sokağı", "oneway": true, "reversed": "False", "length": 61.540446724410714, "lanes": null, "maxspeed": null, "access": null, "width": null }, "geometry": { "type": "LineString", "coordinates": [ [ 29.0225378, 40.985379 ], [ 29.0222003, 40.9848974 ], [ 29.0221952, 40.9848897 ] ] } },
{ "type": "Feature", "properties": { "u": 1457278001, "v": 1457278005, "key": 0, "osmid": "132474431", "highway": "residential", "name": "Fırıldak Sokağı", "oneway": true, "reversed": "False", "length": 70.288824982791454, "lanes": null, "maxspeed": null, "access": null, "width": null }, "geometry": { "type": "LineString", "coordinates": [ [ 29.024179, 40.9854147 ], [ 29.0245732, 40.9859724 ] ] } },
{ "type": "Feature", "properties": { "u": 1457278001, "v": 495691874, "key": 0, "osmid": "236594015", "highway": "residential", "name": "Leylek Sokağı", "oneway": true, "reversed": "False", "length": 66.796127835208239, "lanes": null, "maxspeed": null, "access": null, "width": null }, "geometry": { "type": "LineString", "coordinates": [ [ 29.024179, 40.9854147 ], [ 29.0248297, 40.9851566 ], [ 29.0248838, 40.9851358 ] ] } },
{ "type": "Feature", "properties": { "u": 1457278002, "v": 1457278000, "key": 0, "osmid": "132474410", "highway": "residential", "name": "Mühürdar Karakolu Sokağı", "oneway": true, "reversed": "False", "length": 59.154349065808532, "lanes": null, "maxspeed": null, "access": null, "width": null }, "geometry": { "type": "LineString", "coordinates": [ [ 29.0219128, 40.9856248 ], [ 29.0225378, 40.985379 ] ] } },
{ "type": "Feature", "properties": { "u": 1457278002, "v": 1457278006, "key": 0, "osmid": "132474424", "highway": "residential", "name": "Kılaptancı Sokağı", "oneway": true, "reversed": "False", "length": 69.097213157025038, "lanes": null, "maxspeed": null, "access": null, "width": null }, "geometry": { "type": "LineString", "coordinates": [ [ 29.0219128, 40.9856248 ], [ 29.0222934, 40.9861758 ] ] } },
{ "type": "Feature", "properties": { "u": 1457278003, "v": 1457278001, "key": 0, "osmid": "236594015", "highway": "residential", "name": "Leylek Sokağı", "oneway": true, "reversed": "False", "length": 60.699303885173386, "lanes": null, "maxspeed": null, "access": null, "width": null }, "geometry": { "type": "LineString", "coordinates": [ [ 29.0235367, 40.9856655 ], [ 29.024179, 40.9854147 ] ] } },
{ "type": "Feature", "properties": { "u": 1457278003, "v": 1457278007, "key": 0, "osmid": "688633729", "highway": "residential", "name": "Gürbüz Türk Sokağı", "oneway": true, "reversed": "False", "length": 70.833124310318908, "lanes": null, "maxspeed": null, "access": null, "width": null }, "geometry": { "type": "LineString", "coordinates": [ [ 29.0235367, 40.9856655 ], [ 29.023914, 40.9862353 ] ] } },
{ "type": "Feature", "properties": { "u": 1457278005, "v": 1457278007, "key": 0, "osmid": "132474409", "highway": "residential", "name": "Murat Bey Sokağı", "oneway": true, "reversed": "False", "length": 62.57937950130146, "lanes": null, "maxspeed": null, "access": null, "width": null }, "geometry": { "type": "LineString", "coordinates": [ [ 29.0245732, 40.9859724 ], [ 29.023914, 40.9862353 ] ] } },
{ "type": "Feature", "properties": { "u": 1457278006, "v": 558821171, "key": 0, "osmid": "40781484", "highway": "residential", "name": "Tuğlacı Eminbey Sokağı", "oneway": true, "reversed": "False", "length": 57.691106605061123, "lanes": null, "maxspeed": null, "access": null, "width": null }, "geometry": { "type": "LineString", "coordinates": [ [ 29.0222934, 40.9861758 ], [ 29.0229044, 40.9859382 ] ] } },
{ "type": "Feature", "properties": { "u": 1457278007, "v": 495789332, "key": 0, "osmid": "132474409", "highway": "residential", "name": "Murat Bey Sokağı", "oneway": true, "reversed": "False", "length": 25.894132462794175, "lanes": null, "maxspeed": null, "access": null, "width": null }, "geometry": { "type": "LineString", "coordinates": [ [ 29.023914, 40.9862353 ], [ 29.023645, 40.9863493 ] ] } },
{ "type": "Feature", "properties": { "u": 1457278008, "v": 2433573120, "key": 0, "osmid": "132474406", "highway": "residential", "name": "Hacı Ahmet Bey Sokağı", "oneway": false, "reversed": "True", "length": 66.361028904558481, "lanes": null, "maxspeed": null, "access": null, "width": null }, "geometry": { "type": "LineString", "coordinates": [ [ 29.0297558, 40.9864176 ], [ 29.0296962, 40.9858225 ] ] } },
{ "type": "Feature", "properties": { "u": 1457278008, "v": 1457278013, "key": 0, "osmid": "132474407", "highway": "residential", "name": "Halil Ethem Sokağı", "oneway": true, "reversed": "False", "length": 164.43081578683572, "lanes": null, "maxspeed": null, "access": null, "width": null }, "geometry": { "type": "LineString", "coordinates": [ [ 29.0297558, 40.9864176 ], [ 29.0293572, 40.9864946 ], [ 29.0294655, 40.9867932 ], [ 29.0284054, 40.9870354 ], [ 29.0283895, 40.9870386 ], [ 29.0283767, 40.9870415 ] ] } },
{ "type": "Feature", "properties": { "u": 1457278012, "v": 495805325, "key": 0, "osmid": "40785358", "highway": "residential", "name": "Kadife Sokağı", "oneway": true, "reversed": "False", "length": 56.851502075276557, "lanes": "1", "maxspeed": null, "access": null, "width": null }, "geometry": { "type": "LineString", "coordinates": [ [ 29.0267617, 40.9868369 ], [ 29.0265343, 40.9863553 ] ] } },
{ "type": "Feature", "properties": { "u": 1457278013, "v": 2433573130, "key": 0, "osmid": "621990109", "highway": "tertiary", "name": "General Asım Gündüz Caddesi", "oneway": true, "reversed": "False", "length": 96.502856105261529, "lanes": "1", "maxspeed": null, "access": null, "width": null }, "geometry": { "type": "LineString", "coordinates": [ [ 29.0283767, 40.9870415 ], [ 29.0283356, 40.9869327 ], [ 29.028259, 40.9867564 ], [ 29.0282369, 40.9867075 ], [ 29.0280159, 40.9862176 ] ] } },
{ "type": "Feature", "properties": { "u": 1457278014, "v": 3622463184, "key": 0, "osmid": "132474416", "highway": "residential", "name": "Halis Efendi Sokağı", "oneway": true, "reversed": "False", "length": 5.6925482774616141, "lanes": "1", "maxspeed": null, "access": null, "width": null }, "geometry": { "type": "LineString", "coordinates": [ [ 29.0258481, 40.9871567 ], [ 29.02586, 40.9871063 ] ] } },
{ "type": "Feature", "properties": { "u": 1457278014, "v": 3622463191, "key": 0, "osmid": "237757417", "highway": "residential", "name": "Damacı Sokağı", "oneway": true, "reversed": "False", "length": 14.538192848032976, "lanes": "1", "maxspeed": null, "access": null, "width": null }, "geometry": { "type": "LineString", "coordinates": [ [ 29.0258481, 40.9871567 ], [ 29.0256872, 40.9871083 ] ] } },
{ "type": "Feature", "properties": { "u": 1652678594, "v": 2697174260, "key": 0, "osmid": "689650085", "highway": "tertiary", "name": "Ara yol", "oneway": true, "reversed": "False", "length": 12.20745412982501, "lanes": null, "maxspeed": "50", "access": null, "width": null }, "geometry": { "type": "LineString", "coordinates": [ [ 29.0213285, 40.9896045 ], [ 29.0213386, 40.9895948 ], [ 29.0213958, 40.9895399 ], [ 29.0214184, 40.9895182 ] ] } },
{ "type": "Feature", "properties": { "u": 1718140686, "v": 2370901306, "key": 0, "osmid": "66939014", "highway": "residential", "name": "Şifa Sokağı", "oneway": false, "reversed": "False", "length": 151.36854077156437, "lanes": null, "maxspeed": null, "access": null, "width": null }, "geometry": { "type": "LineString", "coordinates": [ [ 29.0311835, 40.983066 ], [ 29.0311778, 40.9830365 ], [ 29.0310831, 40.9821757 ], [ 29.0310317, 40.9817096 ] ] } },
{ "type": "Feature", "properties": { "u": 1718140686, "v": 245940950, "key": 0, "osmid": "132474412", "highway": "tertiary", "name": "Dr. Esat Işık Caddesi", "oneway": true, "reversed": "False", "length": 109.19908675479346, "lanes": null, "maxspeed": null, "access": null, "width": null }, "geometry": { "type": "LineString", "coordinates": [ [ 29.0311835, 40.983066 ], [ 29.0318929, 40.98293 ], [ 29.0321034, 40.9828949 ], [ 29.0321638, 40.9828875 ], [ 29.0322895, 40.9829076 ], [ 29.0323336, 40.9829257 ], [ 29.0324318, 40.9829687 ] ] } },
{ "type": "Feature", "properties": { "u": 1915743047, "v": 495698669, "key": 0, "osmid": "40781018", "highway": "residential", "name": "Yeni Fikir Sokağı", "oneway": true, "reversed": "False", "length": 25.089476933066074, "lanes": null, "maxspeed": null, "access": null, "width": null }, "geometry": { "type": "LineString", "coordinates": [ [ 29.0226176, 40.983625 ], [ 29.0229033, 40.9835587 ] ] } },
{ "type": "Feature", "properties": { "u": 2370901305, "v": 2370901306, "key": 0, "osmid": "228407774", "highway": "residential", "name": "Sadettin Çıkmazı Sokağı", "oneway": false, "reversed": "True", "length": 90.823158055857562, "lanes": null, "maxspeed": null, "access": null, "width": null }, "geometry": { "type": "LineString", "coordinates": [ [ 29.0321025, 40.9815926 ], [ 29.0310317, 40.9817096 ] ] } },
{ "type": "Feature", "properties": { "u": 2370901306, "v": 808585183, "key": 0, "osmid": "66939014", "highway": "residential", "name": "Şifa Sokağı", "oneway": false, "reversed": "False", "length": 25.933866215247427, "lanes": null, "maxspeed": null, "access": null, "width": null }, "geometry": { "type": "LineString", "coordinates": [ [ 29.0310317, 40.9817096 ], [ 29.0310073, 40.9814771 ] ] } },
{ "type": "Feature", "properties": { "u": 2370901306, "v": 2370901305, "key": 0, "osmid": "228407774", "highway": "residential", "name": "Sadettin Çıkmazı Sokağı", "oneway": false, "reversed": "False", "length": 90.823158055857562, "lanes": null, "maxspeed": null, "access": null, "width": null }, "geometry": { "type": "LineString", "coordinates": [ [ 29.0310317, 40.9817096 ], [ 29.0321025, 40.9815926 ] ] } },
{ "type": "Feature", "properties": { "u": 2370901306, "v": 1718140686, "key": 0, "osmid": "66939014", "highway": "residential", "name": "Şifa Sokağı", "oneway": false, "reversed": "True", "length": 151.36854077156434, "lanes": null, "maxspeed": null, "access": null, "width": null }, "geometry": { "type": "LineString", "coordinates": [ [ 29.0310317, 40.9817096 ], [ 29.0310831, 40.9821757 ], [ 29.0311778, 40.9830365 ], [ 29.0311835, 40.983066 ] ] } },
{ "type": "Feature", "properties": { "u": 2370901358, "v": 495799512, "key": 0, "osmid": "228407761", "highway": "residential", "name": "Neşe Sokağı", "oneway": true, "reversed": "False", "length": 85.597368941928821, "lanes": null, "maxspeed": null, "access": null, "width": null }, "geometry": { "type": "LineString", "coordinates": [ [ 29.0245145, 40.9865762 ], [ 29.0253683, 40.9862344 ], [ 29.0254154, 40.9862155 ] ] } },
{ "type": "Feature", "properties": { "u": 2370901361, "v": 2370901358, "key": 0, "osmid": "228407776", "highway": "residential", "name": "Kağnı Sokağı", "oneway": true, "reversed": "False", "length": 124.24642083863961, "lanes": null, "maxspeed": "20", "access": null, "width": null }, "geometry": { "type": "LineString", "coordinates": [ [ 29.0255869, 40.9866651 ], [ 29.0255433, 40.9866818 ], [ 29.0247941, 40.9869692 ], [ 29.0245145, 40.9865762 ] ] } },
{ "type": "Feature", "properties": { "u": 2370901361, "v": 2456379717, "key": 0, "osmid": "237757419", "highway": "tertiary", "name": "Moda Caddesi", "oneway": true, "reversed": "False", "length": 47.00923070379055, "lanes": "1", "maxspeed": "50", "access": null, "width": null }, "geometry": { "type": "LineString", "coordinates": [ [ 29.0255869, 40.9866651 ], [ 29.0255609, 40.9865537 ], [ 29.0254396, 40.9862579 ] ] } },
{ "type": "Feature", "properties": { "u": 2370901445, "v": 6958868171, "key": 0, "osmid": "236364677", "highway": "residential", "name": "Damga Sokağı", "oneway": false, "reversed": "False", "length": 18.82668066115853, "lanes": null, "maxspeed": null, "access": null, "width": null }, "geometry": { "type": "LineString", "coordinates": [ [ 29.0205728, 40.9889376 ], [ 29.0205793, 40.9889281 ], [ 29.0206106, 40.9888821 ], [ 29.0206302, 40.9888533 ], [ 29.0206753, 40.988787 ] ] } },
{ "type": "Feature", "properties": { "u": 2370901445, "v": 1652678594, "key": 0, "osmid": "1015851238", "highway": "residential", "name": "Albay Faik Sözdener Caddesi", "oneway": true, "reversed": "False", "length": 98.595156823402789, "lanes": null, "maxspeed": null, "access": null, "width": null }, "geometry": { "type": "LineString", "coordinates": [ [ 29.0205728, 40.9889376 ], [ 29.0205842, 40.9889746 ], [ 29.0206017, 40.9890161 ], [ 29.0206439, 40.9890617 ], [ 29.0207002, 40.9891107 ], [ 29.0213285, 40.9896045 ] ] } },
{ "type": "Feature", "properties": { "u": 2370901445, "v": 6958868161, "key": 0, "osmid": "1462853485", "highway": "residential", "name": "Damga Sokağı", "oneway": false, "reversed": "False", "length": 15.083256631401579, "lanes": null, "maxspeed": null, "access": null, "width": null }, "geometry": { "type": "LineString", "coordinates": [ [ 29.0205728, 40.9889376 ], [ 29.0205541, 40.9889761 ], [ 29.0205464, 40.9889971 ], [ 29.0205206, 40.9890673 ] ] } },
{ "type": "Feature", "properties": { "u": 2370901461, "v": 6959361871, "key": 0, "osmid": "228407764", "highway": "residential", "name": "Damga Sokağı", "oneway": false, "reversed": "True", "length": 116.92123507474008, "lanes": null, "maxspeed": null, "access": null, "width": null }, "geometry": { "type": "LineString", "coordinates": [ [ 29.0196642, 40.9901894 ], [ 29.0198533, 40.9898599 ], [ 29.0198855, 40.9898158 ], [ 29.0199231, 40.989786 ], [ 29.0199694, 40.9897687 ], [ 29.0199827, 40.9897637 ], [ 29.020256, 40.9897116 ], [ 29.0202852, 40.9897029 ], [ 29.0203076, 40.9896903 ], [ 29.020322, 40.9896721 ], [ 29.0204267, 40.9894119 ] ] } },
{ "type": "Feature", "properties": { "u": 2370901461, "v": 2370901461, "key": 0, "osmid": "228487635", "highway": "residential", "name": "Damga Sokağı", "oneway": true, "reversed": "False", "length": 124.62717055542092, "lanes": null, "maxspeed": "50", "access": null, "width": null }, "geometry": { "type": "LineString", "coordinates": [ [ 29.0196642, 40.9901894 ], [ 29.0196032, 40.990449 ], [ 29.0195717, 40.9905518 ], [ 29.0195412, 40.9906482 ], [ 29.0195341, 40.9906616 ], [ 29.0195263, 40.9906708 ], [ 29.0195034, 40.9906825 ], [ 29.0194836, 40.9906874 ], [ 29.0194616, 40.9906867 ], [ 29.0194313, 40.9906788 ], [ 29.0194026, 40.9906582 ], [ 29.0193897, 40.9906402 ], [ 29.019388, 40.990614 ], [ 29.0194242, 40.9905492 ], [ 29.0194413, 40.9905235 ], [ 29.0196642, 40.9901894 ] ] } },
{ "type": "Feature", "properties": { "u": 2433573120, "v": 1457278008, "key": 0, "osmid": "132474406", "highway": "residential", "name": "Hacı Ahmet Bey Sokağı", "oneway": false, "reversed": "False", "length": 66.361028904558481, "lanes": null, "maxspeed": null, "access": null, "width": null }, "geometry": { "type": "LineString", "coordinates": [ [ 29.0296962, 40.9858225 ], [ 29.0297558, 40.9864176 ] ] } },
{ "type": "Feature", "properties": { "u": 2433573120, "v": 678317533, "key": 0, "osmid": "132474406", "highway": "residential", "name": "Hacı Ahmet Bey Sokağı", "oneway": false, "reversed": "True", "length": 45.139768913577775, "lanes": null, "maxspeed": null, "access": null, "width": null }, "geometry": { "type": "LineString", "coordinates": [ [ 29.0296962, 40.9858225 ], [ 29.0295913, 40.9854472 ], [ 29.0295835, 40.9854256 ] ] } },
{ "type": "Feature", "properties": { "u": 2433573120, "v": 2433573130, "key": 0, "osmid": "235271673", "highway": "residential", "name": "Kuzu Kestane Sokağı", "oneway": false, "reversed": "True", "length": 147.72489321673407, "lanes": null, "maxspeed": null, "access": null, "width": null }, "geometry": { "type": "LineString", "coordinates": [ [ 29.0296962, 40.9858225 ], [ 29.0289575, 40.9859972 ], [ 29.0280507, 40.9862094 ], [ 29.0280315, 40.9862139 ], [ 29.0280159, 40.9862176 ] ] } },
{ "type": "Feature", "properties": { "u": 2433573130, "v": 2433573120, "key": 0, "osmid": "235271673", "highway": "residential", "name": "Kuzu Kestane Sokağı", "oneway": false, "reversed": "False", "length": 147.72489321673407, "lanes": null, "maxspeed": null, "access": null, "width": null }, "geometry": { "type": "LineString", "coordinates": [ [ 29.0280159, 40.9862176 ], [ 29.0280315, 40.9862139 ], [ 29.0280507, 40.9862094 ], [ 29.0289575, 40.9859972 ], [ 29.0296962, 40.9858225 ] ] } },
{ "type": "Feature", "properties": { "u": 2433573130, "v": 495805321, "key": 0, "osmid": "621990109", "highway": "tertiary", "name": "General Asım Gündüz Caddesi", "oneway": true, "reversed": "False", "length": 45.672277512315894, "lanes": "1", "maxspeed": null, "access": null, "width": null }, "geometry": { "type": "LineString", "coordinates": [ [ 29.0280159, 40.9862176 ], [ 29.0279146, 40.9859895 ], [ 29.0278483, 40.9858472 ], [ 29.0278405, 40.9858288 ] ] } },
{ "type": "Feature", "properties": { "u": 2442359936, "v": 2445138906, "key": 0, "osmid": "236167003", "highway": "residential", "name": "Şair Nefi Sokağı", "oneway": true, "reversed": "False", "length": 51.747191090642971, "lanes": "1", "maxspeed": null, "access": null, "width": null }, "geometry": { "type": "LineString", "coordinates": [ [ 29.0265788, 40.984026 ], [ 29.0268941, 40.9844259 ] ] } },
{ "type": "Feature", "properties": { "u": 2442359936, "v": 6643486504, "key": 0, "osmid": "66320583", "highway": "residential", "name": "Ağabey Sokağı", "oneway": true, "reversed": "False", "length": 4.9746811990962083, "lanes": null, "maxspeed": null, "access": null, "width": null }, "geometry": { "type": "LineString", "coordinates": [ [ 29.0265788, 40.984026 ], [ 29.0266202, 40.9840095 ], [ 29.0266312, 40.9840051 ] ] } },
{ "type": "Feature", "properties": { "u": 2442359952, "v": 6959400234, "key": 0, "osmid": "132474410", "highway": "residential", "name": "Mühürdar Karakolu Sokağı", "oneway": true, "reversed": "False", "length": 4.5753976602529507, "lanes": null, "maxspeed": null, "access": null, "width": null }, "geometry": { "type": "LineString", "coordinates": [ [ 29.0212997, 40.9858685 ], [ 29.0213192, 40.9858613 ], [ 29.0213496, 40.985852 ] ] } },
{ "type": "Feature", "properties": { "u": 2442359952, "v": 2370901445, "key": 0, "osmid": [ 743457168, 1020530409, 152447451 ], "highway": [ "residential", "tertiary" ], "name": [ "Mühürdar Caddesi", "Damga Sokağı" ], "oneway": true, "reversed": "False", "length": 362.32593246910824, "lanes": "1", "maxspeed": null, "access": null, "width": null }, "geometry": { "type": "LineString", "coordinates": [ [ 29.0212997, 40.9858685 ], [ 29.0213158, 40.9859037 ], [ 29.0214365, 40.9862195 ], [ 29.0215243, 40.9864817 ], [ 29.0215599, 40.986671 ], [ 29.0215874, 40.986871 ], [ 29.0215894, 40.9869459 ], [ 29.0215746, 40.9870071 ], [ 29.0214626, 40.9872249 ], [ 29.0213364, 40.9874622 ], [ 29.0210109, 40.9879996 ], [ 29.0207187, 40.9884998 ], [ 29.0205594, 40.9887542 ], [ 29.0205544, 40.9887813 ], [ 29.0205544, 40.9888076 ], [ 29.0205728, 40.9889376 ] ] } },
{ "type": "Feature", "properties": { "u": 2442359956, "v": 1457278006, "key": 0, "osmid": "40781484", "highway": "residential", "name": "Tuğlacı Eminbey Sokağı", "oneway": true, "reversed": "False", "length": 69.147046409823076, "lanes": null, "maxspeed": null, "access": null, "width": null }, "geometry": { "type": "LineString", "coordinates": [ [ 29.0215699, 40.9864731 ], [ 29.0216151, 40.9864528 ], [ 29.022126, 40.9862446 ], [ 29.0222934, 40.9861758 ] ] } },
{ "type": "Feature", "properties": { "u": 2442359956, "v": 6959400234, "key": 0, "osmid": "236409580", "highway": "tertiary", "name": "Mühürdar Caddesi", "oneway": true, "reversed": "False", "length": 71.526913796588019, "lanes": null, "maxspeed": null, "access": null, "width": null }, "geometry": { "type": "LineString", "coordinates": [ [ 29.0215699, 40.9864731 ], [ 29.0214888, 40.9862083 ], [ 29.0213496, 40.985852 ] ] } },
{ "type": "Feature", "properties": { "u": 2442359988, "v": 2442359956, "key": 0, "osmid": "236409580", "highway": "tertiary", "name": "Mühürdar Caddesi", "oneway": true, "reversed": "False", "length": 53.4729594518017, "lanes": null, "maxspeed": null, "access": null, "width": null }, "geometry": { "type": "LineString", "coordinates": [ [ 29.0216492, 40.9869499 ], [ 29.0216417, 40.9868679 ], [ 29.0216135, 40.986667 ], [ 29.0215699, 40.9864731 ] ] } },
{ "type": "Feature", "properties": { "u": 2442360059, "v": 558821187, "key": 0, "osmid": "236166956", "highway": "tertiary", "name": "Damga Sokağı", "oneway": true, "reversed": "False", "length": 109.63300784987936, "lanes": null, "maxspeed": null, "access": null, "width": null }, "geometry": { "type": "LineString", "coordinates": [ [ 29.0208766, 40.9885051 ], [ 29.020883, 40.9884419 ], [ 29.0208947, 40.9883723 ], [ 29.0209158, 40.9883082 ], [ 29.0210858, 40.9880241 ], [ 29.0211739, 40.9878768 ], [ 29.0213406, 40.9875902 ] ] } },
{ "type": "Feature", "properties": { "u": 2445138893, "v": 808585327, "key": 0, "osmid": "1018486128", "highway": "residential", "name": "Şair Nefi Sokağı", "oneway": false, "reversed": "True", "length": 21.953304785048417, "lanes": null, "maxspeed": null, "access": null, "width": null }, "geometry": { "type": "LineString", "coordinates": [ [ 29.026273, 40.9835266 ], [ 29.0261903, 40.9833393 ] ] } },
{ "type": "Feature", "properties": { "u": 2445138893, "v": 803882290, "key": 0, "osmid": "66320587", "highway": "residential", "name": "Cem Sokağı", "oneway": true, "reversed": "False", "length": 112.47868455642313, "lanes": null, "maxspeed": null, "access": null, "width": null }, "geometry": { "type": "LineString", "coordinates": [ [ 29.026273, 40.9835266 ], [ 29.0251778, 40.9838419 ], [ 29.0250195, 40.983884 ] ] } },
{ "type": "Feature", "properties": { "u": 2445138893, "v": 2442359936, "key": 0, "osmid": "236167003", "highway": "residential", "name": "Şair Nefi Sokağı", "oneway": true, "reversed": "False", "length": 61.178387143224505, "lanes": "1", "maxspeed": null, "access": null, "width": null }, "geometry": { "type": "LineString", "coordinates": [ [ 29.026273, 40.9835266 ], [ 29.0262801, 40.9835398 ], [ 29.0265788, 40.984026 ] ] } },
{ "type": "Feature", "properties": { "u": 2445138906, "v": 4086672833, "key": 0, "osmid": "706999043", "highway": "tertiary", "name": "Bademaltı Sokağı", "oneway": true, "reversed": "False", "length": 10.701840533858181, "lanes": null, "maxspeed": null, "access": null, "width": null }, "geometry": { "type": "LineString", "coordinates": [ [ 29.0268941, 40.9844259 ], [ 29.0270155, 40.9843965 ] ] } },
{ "type": "Feature", "properties": { "u": 2445138906, "v": 495779826, "key": 0, "osmid": "238271790", "highway": "tertiary", "name": "Dr. Esat Işık Caddesi", "oneway": true, "reversed": "False", "length": 34.901949774343009, "lanes": "1", "maxspeed": null, "access": null, "width": null }, "geometry": { "type": "LineString", "coordinates": [ [ 29.0268941, 40.9844259 ], [ 29.026992, 40.9845683 ], [ 29.0270007, 40.9845957 ], [ 29.0269801, 40.98472 ] ] } },
{ "type": "Feature", "properties": { "u": 2445138907, "v": 678317620, "key": 0, "osmid": [ 53726657, 708018276 ], "highway": "residential", "name": [ "Safa Sokağı", "Ahter Sokağı" ], "oneway": true, "reversed": "False", "length": 85.682595029708366, "lanes": null, "maxspeed": null, "access": null, "width": null }, "geometry": { "type": "LineString", "coordinates": [ [ 29.0310409, 40.9844388 ], [ 29.0312006, 40.9849892 ], [ 29.0309389, 40.9850514 ] ] } },
{ "type": "Feature", "properties": { "u": 2445138914, "v": 2445138907, "key": 0, "osmid": "236488978", "highway": "residential", "name": "Güneş Sokağı", "oneway": true, "reversed": "False", "length": 74.616940011673677, "lanes": null, "maxspeed": null, "access": null, "width": null }, "geometry": { "type": "LineString", "coordinates": [ [ 29.0302325, 40.9847179 ], [ 29.0310409, 40.9844388 ] ] } },
{ "type": "Feature", "properties": { "u": 2445138914, "v": 6469700739, "key": 0, "osmid": "694648170", "highway": "residential", "name": "Keresteci Aziz Sokağı", "oneway": true, "reversed": "False", "length": 55.092698517015251, "lanes": null, "maxspeed": null, "access": null, "width": null }, "geometry": { "type": "LineString", "coordinates": [ [ 29.0302325, 40.9847179 ], [ 29.0303588, 40.9852041 ] ] } },
{ "type": "Feature", "properties": { "u": 2445138914, "v": 4977300369, "key": 0, "osmid": "1119582623", "highway": "living_street", "name": "Güneş Sokağı", "oneway": false, "reversed": "False", "length": 74.843634022739849, "lanes": null, "maxspeed": null, "access": null, "width": null }, "geometry": { "type": "LineString", "coordinates": [ [ 29.0302325, 40.9847179 ], [ 29.0302008, 40.9847248 ], [ 29.0301729, 40.984732 ], [ 29.0298652, 40.984858 ], [ 29.0298131, 40.9849176 ], [ 29.0294403, 40.9849887 ] ] } },
{ "type": "Feature", "properties": { "u": 2445189205, "v": 6698628575, "key": 0, "osmid": "236364670", "highway": "primary", "name": "Albay Faik Sözdener Caddesi", "oneway": true, "reversed": "False", "length": 70.720432394757225, "lanes": "3", "maxspeed": "30", "access": null, "width": null }, "geometry": { "type": "LineString", "coordinates": [ [ 29.0223867, 40.9901409 ], [ 29.0229946, 40.9905813 ] ] } },
{ "type": "Feature", "properties": { "u": 2446170566, "v": 2445189205, "key": 0, "osmid": [ 236166947, 1082508756 ], "highway": "tertiary", "name": "Albay Faik Sözdener Caddesi", "oneway": true, "reversed": "False", "length": 87.451139994635255, "lanes": "1", "maxspeed": null, "access": null, "width": null }, "geometry": { "type": "LineString", "coordinates": [ [ 29.0217724, 40.9895258 ], [ 29.0221855, 40.9898776 ], [ 29.0222678, 40.989945 ], [ 29.0223596, 40.9900201 ], [ 29.0223787, 40.9901054 ], [ 29.0223867, 40.9901409 ] ] } },
{ "type": "Feature", "properties": { "u": 2449949871, "v": 808585183, "key": 0, "osmid": "66939016", "highway": "residential", "name": "Yenikapı Çıkmazı Sokağı", "oneway": false, "reversed": "True", "length": 91.633610174504369, "lanes": null, "maxspeed": null, "access": null, "width": null }, "geometry": { "type": "LineString", "coordinates": [ [ 29.0320893, 40.981368 ], [ 29.0310073, 40.9814771 ] ] } },
{ "type": "Feature", "properties": { "u": 2456379717, "v": 2456379718, "key": 0, "osmid": "183616149", "highway": "tertiary", "name": "Moda Caddesi", "oneway": true, "reversed": "False", "length": 32.953969791433963, "lanes": "1", "maxspeed": "50", "access": null, "width": null }, "geometry": { "type": "LineString", "coordinates": [ [ 29.0254396, 40.9862579 ], [ 29.0256523, 40.986507 ] ] } },
{ "type": "Feature", "properties": { "u": 2456379717, "v": 495799512, "key": 0, "osmid": "694745766", "highway": "tertiary", "name": "Moda Caddesi", "oneway": false, "reversed": "False", "length": 5.1336398721591374, "lanes": "1", "maxspeed": "50", "access": null, "width": null }, "geometry": { "type": "LineString", "coordinates": [ [ 29.0254396, 40.9862579 ], [ 29.0254154, 40.9862155 ] ] } },
{ "type": "Feature", "properties": { "u": 2456379718, "v": 3622463186, "key": 0, "osmid": "183616149", "highway": "tertiary", "name": "Moda Caddesi", "oneway": true, "reversed": "False", "length": 59.926164471551211, "lanes": "1", "maxspeed": "50", "access": null, "width": null }, "geometry": { "type": "LineString", "coordinates": [ [ 29.0256523, 40.986507 ], [ 29.025664, 40.9865517 ], [ 29.0257508, 40.9870174 ], [ 29.0257533, 40.9870404 ] ] } },
{ "type": "Feature", "properties": { "u": 2461181361, "v": 495785146, "key": 0, "osmid": "40784960", "highway": "residential", "name": "Mühürdarbağı Sokağı", "oneway": true, "reversed": "False", "length": 87.606914244455822, "lanes": null, "maxspeed": null, "access": null, "width": null }, "geometry": { "type": "LineString", "coordinates": [ [ 29.022096, 40.9883039 ], [ 29.0228574, 40.9888428 ] ] } },
{ "type": "Feature", "properties": { "u": 2461181361, "v": 2461181362, "key": 0, "osmid": "238271720", "highway": "residential", "name": "Fazıl Hüsnü Dağlarca Sokağı", "oneway": false, "reversed": "False", "length": 98.001227419327137, "lanes": null, "maxspeed": null, "access": null, "width": null }, "geometry": { "type": "LineString", "coordinates": [ [ 29.022096, 40.9883039 ], [ 29.0219692, 40.9883983 ], [ 29.0224332, 40.989058 ] ] } },
{ "type": "Feature", "properties": { "u": 2461181362, "v": 495665070, "key": 0, "osmid": "694279858", "highway": "residential", "name": "Misbah Muhayyeş Sokağı", "oneway": true, "reversed": "False", "length": 23.469715658440126, "lanes": null, "maxspeed": null, "access": null, "width": null }, "geometry": { "type": "LineString", "coordinates": [ [ 29.0224332, 40.989058 ], [ 29.0221989, 40.9891732 ] ] } },
{ "type": "Feature", "properties": { "u": 2461181362, "v": 2461181361, "key": 0, "osmid": "238271720", "highway": "residential", "name": "Fazıl Hüsnü Dağlarca Sokağı", "oneway": false, "reversed": "True", "length": 98.001227419327137, "lanes": null, "maxspeed": null, "access": null, "width": null }, "geometry": { "type": "LineString", "coordinates": [ [ 29.0224332, 40.989058 ], [ 29.0219692, 40.9883983 ], [ 29.022096, 40.9883039 ] ] } },
{ "type": "Feature", "properties": { "u": 2697174220, "v": 6959248761, "key": 0, "osmid": "708476744", "highway": "primary_link", "name": null, "oneway": true, "reversed": "False", "length": 23.806607911469772, "lanes": "1", "maxspeed": null, "access": null, "width": null }, "geometry": { "type": "LineString", "coordinates": [ [ 29.0236472, 40.991302 ], [ 29.0236437, 40.9913484 ], [ 29.0236343, 40.9913819 ], [ 29.0236114, 40.9914163 ], [ 29.0235912, 40.9914344 ], [ 29.02353, 40.9914886 ] ] } },
{ "type": "Feature", "properties": { "u": 2697174247, "v": 6990406280, "key": 0, "osmid": "264043055", "highway": "primary", "name": "Ara yol", "oneway": true, "reversed": "False", "length": 73.917033758049101, "lanes": null, "maxspeed": "30", "access": null, "width": null }, "geometry": { "type": "LineString", "coordinates": [ [ 29.0217336, 40.9907934 ], [ 29.0217457, 40.9907728 ], [ 29.0217615, 40.9907532 ], [ 29.0217809, 40.990736 ], [ 29.0218022, 40.9907168 ], [ 29.021819, 40.9906982 ], [ 29.0218341, 40.9906771 ], [ 29.022099, 40.9902238 ], [ 29.0221178, 40.9901977 ] ] } },
{ "type": "Feature", "properties": { "u": 2697174247, "v": 6959110027, "key": 0, "osmid": "689650085", "highway": "tertiary", "name": "Ara yol", "oneway": true, "reversed": "False", "length": 114.8669936275866, "lanes": null, "maxspeed": "50", "access": null, "width": null }, "geometry": { "type": "LineString", "coordinates": [ [ 29.0217336, 40.9907934 ], [ 29.0217396, 40.9907259 ], [ 29.0217429, 40.9906984 ], [ 29.0217472, 40.9906762 ], [ 29.0217525, 40.9906559 ], [ 29.0217598, 40.9906362 ], [ 29.0217704, 40.990614 ], [ 29.0219642, 40.9902617 ], [ 29.0219988, 40.9901987 ], [ 29.0220058, 40.9901701 ], [ 29.0220078, 40.990138 ], [ 29.0219988, 40.9901046 ], [ 29.021994, 40.9900987 ], [ 29.0219739, 40.9900742 ], [ 29.0219361, 40.9900479 ], [ 29.0218854, 40.990018 ], [ 29.0218107, 40.9899778 ], [ 29.0216786, 40.9899241 ] ] } },
{ "type": "Feature", "properties": { "u": 2697174260, "v": 2446170566, "key": 0, "osmid": "236595802", "highway": "tertiary", "name": "Ara yol", "oneway": true, "reversed": "False", "length": 31.051329379662178, "lanes": null, "maxspeed": null, "access": null, "width": null }, "geometry": { "type": "LineString", "coordinates": [ [ 29.0214184, 40.9895182 ], [ 29.0214848, 40.9894985 ], [ 29.0215471, 40.9894878 ], [ 29.0216222, 40.9894868 ], [ 29.0216846, 40.9894969 ], [ 29.0217724, 40.9895258 ] ] } },
{ "type": "Feature", "properties": { "u": 2697174260, "v": 494598065, "key": 0, "osmid": "695596348", "highway": "tertiary", "name": "Ara yol", "oneway": true, "reversed": "False", "length": 35.09190810070767, "lanes": null, "maxspeed": null, "access": null, "width": null }, "geometry": { "type": "LineString", "coordinates": [ [ 29.0214184, 40.9895182 ], [ 29.0214378, 40.98946 ], [ 29.0214533, 40.9894094 ], [ 29.0214626, 40.9893578 ], [ 29.0214626, 40.9893036 ], [ 29.0214512, 40.9892565 ], [ 29.0214358, 40.9892084 ] ] } },
{ "type": "Feature", "properties": { "u": 3183586353, "v": 6512658638, "key": 0, "osmid": "1185549445", "highway": "tertiary", "name": "Moda Caddesi", "oneway": true, "reversed": "False", "length": 33.607119296806403, "lanes": "1", "maxspeed": "50", "access": null, "width": null }, "geometry": { "type": "LineString", "coordinates": [ [ 29.0230452, 40.9814927 ], [ 29.0232473, 40.9812318 ] ] } },
{ "type": "Feature", "properties": { "u": 3183586353, "v": 1457277965, "key": 0, "osmid": "132474404", "highway": "residential", "name": "Ferit Tek Sokağı", "oneway": true, "reversed": "False", "length": 57.026479043085224, "lanes": "1", "maxspeed": null, "access": null, "width": null }, "geometry": { "type": "LineString", "coordinates": [ [ 29.0230452, 40.9814927 ], [ 29.0229549, 40.9814527 ], [ 29.0229156, 40.9814352 ], [ 29.0223887, 40.9814709 ] ] } },
{ "type": "Feature", "properties": { "u": 3183586375, "v": 495774145, "key": 0, "osmid": "371337124", "highway": "residential", "name": "General Asım Gündüz Caddesi", "oneway": true, "reversed": "False", "length": 28.124394266952809, "lanes": null, "maxspeed": null, "access": null, "width": null }, "geometry": { "type": "LineString", "coordinates": [ [ 29.0274281, 40.9843471 ], [ 29.0273993, 40.9843269 ], [ 29.0273856, 40.9843173 ], [ 29.0273574, 40.9842784 ], [ 29.0273577, 40.9842297 ], [ 29.027401, 40.9841183 ] ] } },
{ "type": "Feature", "properties": { "u": 3183586375, "v": 495774142, "key": 0, "osmid": "621990109", "highway": "tertiary", "name": "General Asım Gündüz Caddesi", "oneway": true, "reversed": "False", "length": 21.249914474124388, "lanes": "1", "maxspeed": null, "access": null, "width": null }, "geometry": { "type": "LineString", "coordinates": [ [ 29.0274281, 40.9843471 ], [ 29.0273561, 40.9843294 ], [ 29.0272816, 40.9843266 ], [ 29.0271823, 40.9843468 ] ] } },
{ "type": "Feature", "properties": { "u": 3496560165, "v": 495774147, "key": 0, "osmid": "66939033", "highway": "residential", "name": "Acar Sokağı", "oneway": true, "reversed": "False", "length": 97.190999877025817, "lanes": null, "maxspeed": null, "access": null, "width": "3" }, "geometry": { "type": "LineString", "coordinates": [ [ 29.0272144, 40.9830868 ], [ 29.0276192, 40.9839057 ] ] } },
{ "type": "Feature", "properties": { "u": 3622463184, "v": 1457278012, "key": 0, "osmid": "132474416", "highway": "residential", "name": "Halis Efendi Sokağı", "oneway": true, "reversed": "False", "length": 81.398228426679978, "lanes": "1", "maxspeed": null, "access": null, "width": null }, "geometry": { "type": "LineString", "coordinates": [ [ 29.02586, 40.9871063 ], [ 29.0267617, 40.9868369 ] ] } },
{ "type": "Feature", "properties": { "u": 3622463186, "v": 3622463191, "key": 0, "osmid": "183616149", "highway": "tertiary", "name": "Moda Caddesi", "oneway": true, "reversed": "False", "length": 9.3694836288819783, "lanes": "1", "maxspeed": "50", "access": null, "width": null }, "geometry": { "type": "LineString", "coordinates": [ [ 29.0257533, 40.9870404 ], [ 29.0256872, 40.9871083 ] ] } },
{ "type": "Feature", "properties": { "u": 3622463186, "v": 3622463184, "key": 0, "osmid": "356845661", "highway": "residential", "name": "Halis Efendi Sokağı", "oneway": true, "reversed": "False", "length": 11.571788586332145, "lanes": null, "maxspeed": null, "access": null, "width": null }, "geometry": { "type": "LineString", "coordinates": [ [ 29.0257533, 40.9870404 ], [ 29.02586, 40.9871063 ] ] } },
{ "type": "Feature", "properties": { "u": 3622463191, "v": 495797799, "key": 0, "osmid": "712458680", "highway": "residential", "name": "Moda Caddesi", "oneway": true, "reversed": "False", "length": 33.433964928045235, "lanes": "1", "maxspeed": "50", "access": null, "width": null }, "geometry": { "type": "LineString", "coordinates": [ [ 29.0256872, 40.9871083 ], [ 29.0254892, 40.9873692 ] ] } },
{ "type": "Feature", "properties": { "u": 3622463191, "v": 2370901361, "key": 0, "osmid": "237757419", "highway": "tertiary", "name": "Moda Caddesi", "oneway": true, "reversed": "False", "length": 50.375860147144408, "lanes": "1", "maxspeed": "50", "access": null, "width": null }, "geometry": { "type": "LineString", "coordinates": [ [ 29.0256872, 40.9871083 ], [ 29.0256456, 40.987044 ], [ 29.0255869, 40.9866651 ] ] } },
{ "type": "Feature", "properties": { "u": 4086672833, "v": 6643486504, "key": 0, "osmid": "706999044", "highway": "tertiary", "name": "Şair Nefi Sokağı", "oneway": true, "reversed": "False", "length": 54.552818322204764, "lanes": "1", "maxspeed": null, "access": null, "width": null }, "geometry": { "type": "LineString", "coordinates": [ [ 29.0270155, 40.9843965 ], [ 29.0269992, 40.9843855 ], [ 29.0269102, 40.9843288 ], [ 29.0266312, 40.9840051 ] ] } },
{ "type": "Feature", "properties": { "u": 4086672833, "v": 495774142, "key": 0, "osmid": "706999045", "highway": "tertiary", "name": "General Asım Gündüz Caddesi", "oneway": false, "reversed": "True", "length": 15.113823485741751, "lanes": "1", "maxspeed": null, "access": null, "width": null }, "geometry": { "type": "LineString", "coordinates": [ [ 29.0270155, 40.9843965 ], [ 29.0271047, 40.9843765 ], [ 29.0271823, 40.9843468 ] ] } },
{ "type": "Feature", "properties": { "u": 4716733504, "v": 8077602946, "key": 0, "osmid": "478458068", "highway": "residential", "name": "Gizem Sokağı", "oneway": false, "reversed": "True", "length": 23.939436003463925, "lanes": null, "maxspeed": null, "access": null, "width": null }, "geometry": { "type": "LineString", "coordinates": [ [ 29.0250528, 40.9815463 ], [ 29.0253358, 40.9815197 ] ] } },
{ "type": "Feature", "properties": { "u": 4716733505, "v": 803882225, "key": 0, "osmid": "152447453", "highway": "residential", "name": "Şair Nefi Sokağı", "oneway": true, "reversed": "False", "length": 16.21302771564736, "lanes": null, "maxspeed": null, "access": null, "width": null }, "geometry": { "type": "LineString", "coordinates": [ [ 29.0261285, 40.981445 ], [ 29.0261266, 40.9815908 ] ] } },
{ "type": "Feature", "properties": { "u": 4716733505, "v": 8077602946, "key": 0, "osmid": "478458068", "highway": "residential", "name": "Gizem Sokağı", "oneway": false, "reversed": "False", "length": 67.058487421998905, "lanes": null, "maxspeed": null, "access": null, "width": null }, "geometry": { "type": "LineString", "coordinates": [ [ 29.0261285, 40.981445 ], [ 29.0253358, 40.9815197 ] ] } },
{ "type": "Feature", "properties": { "u": 4716959678, "v": 803882232, "key": 0, "osmid": "66320561", "highway": "residential", "name": "Şair Nefi Sokağı", "oneway": false, "reversed": "True", "length": 35.945333679406097, "lanes": null, "maxspeed": null, "access": null, "width": null }, "geometry": { "type": "LineString", "coordinates": [ [ 29.0261149, 40.9804893 ], [ 29.0261234, 40.9808125 ] ] } },
{ "type": "Feature", "properties": { "u": 4716959678, "v": 803882221, "key": 0, "osmid": "236464869", "highway": "residential", "name": "Küçük Moda Burnu Sokağı", "oneway": true, "reversed": "False", "length": 109.35592978396215, "lanes": null, "maxspeed": null, "access": null, "width": null }, "geometry": { "type": "LineString", "coordinates": [ [ 29.0261149, 40.9804893 ], [ 29.0261767, 40.9804767 ], [ 29.0264852, 40.9805907 ], [ 29.0273747, 40.9805144 ] ] } },
{ "type": "Feature", "properties": { "u": 4785763261, "v": 678317754, "key": 0, "osmid": "53726657", "highway": "residential", "name": "Safa Sokağı", "oneway": true, "reversed": "False", "length": 67.678074355121623, "lanes": null, "maxspeed": null, "access": null, "width": null }, "geometry": { "type": "LineString", "coordinates": [ [ 29.0306721, 40.9831567 ], [ 29.0306889, 40.9832119 ], [ 29.0308669, 40.9837473 ] ] } },
{ "type": "Feature", "properties": { "u": 4785763261, "v": 1718140686, "key": 0, "osmid": "132474412", "highway": "tertiary", "name": "Dr. Esat Işık Caddesi", "oneway": true, "reversed": "False", "length": 44.099437505329384, "lanes": null, "maxspeed": null, "access": null, "width": null }, "geometry": { "type": "LineString", "coordinates": [ [ 29.0306721, 40.9831567 ], [ 29.0307355, 40.9831439 ], [ 29.0311835, 40.983066 ] ] } },
{ "type": "Feature", "properties": { "u": 4977300369, "v": 678317499, "key": 0, "osmid": "53726649", "highway": "residential", "name": "Şevki Bey Sokağı", "oneway": true, "reversed": "False", "length": 100.30752643084212, "lanes": null, "maxspeed": null, "access": null, "width": null }, "geometry": { "type": "LineString", "coordinates": [ [ 29.0294403, 40.9849887 ], [ 29.0293421, 40.9844952 ], [ 29.0291319, 40.9841247 ] ] } },
{ "type": "Feature", "properties": { "u": 4977300369, "v": 678317739, "key": 0, "osmid": "53726652", "highway": "residential", "name": "İleri Sokağı", "oneway": true, "reversed": "False", "length": 153.12159800084845, "lanes": null, "maxspeed": null, "access": null, "width": null }, "geometry": { "type": "LineString", "coordinates": [ [ 29.0294403, 40.9849887 ], [ 29.0277184, 40.9853764 ], [ 29.0277027, 40.9853799 ], [ 29.0276922, 40.9853823 ] ] } },
{ "type": "Feature", "properties": { "u": 4977300369, "v": 2445138914, "key": 0, "osmid": "1119582623", "highway": "living_street", "name": "Güneş Sokağı", "oneway": false, "reversed": "True", "length": 74.843634022739849, "lanes": null, "maxspeed": null, "access": null, "width": null }, "geometry": { "type": "LineString", "coordinates": [ [ 29.0294403, 40.9849887 ], [ 29.0298131, 40.9849176 ], [ 29.0298652, 40.984858 ], [ 29.0301729, 40.984732 ], [ 29.0302008, 40.9847248 ], [ 29.0302325, 40.9847179 ] ] } },
{ "type": "Feature", "properties": { "u": 6469700739, "v": 6676601628, "key": 0, "osmid": "710158653", "highway": "residential", "name": "Keresteci Aziz Sokağı", "oneway": false, "reversed": "True", "length": 6.7713628375880539, "lanes": null, "maxspeed": null, "access": null, "width": null }, "geometry": { "type": "LineString", "coordinates": [ [ 29.0303588, 40.9852041 ], [ 29.0303256, 40.9852596 ] ] } },
{ "type": "Feature", "properties": { "u": 6469700739, "v": 678317620, "key": 0, "osmid": "236488975", "highway": "residential", "name": "Ahter Sokağı", "oneway": true, "reversed": "False", "length": 51.570021281398247, "lanes": null, "maxspeed": null, "access": null, "width": null }, "geometry": { "type": "LineString", "coordinates": [ [ 29.0303588, 40.9852041 ], [ 29.0304237, 40.9851873 ], [ 29.0304834, 40.9851718 ], [ 29.0304951, 40.9851682 ], [ 29.0306581, 40.9851253 ], [ 29.0308561, 40.9850732 ], [ 29.0308695, 40.9850697 ], [ 29.0309389, 40.9850514 ] ] } },
{ "type": "Feature", "properties": { "u": 6512658638, "v": 6512658639, "key": 0, "osmid": "1185549445", "highway": "tertiary", "name": "Moda Caddesi", "oneway": true, "reversed": "False", "length": 18.522660131201018, "lanes": "1", "maxspeed": "50", "access": null, "width": null }, "geometry": { "type": "LineString", "coordinates": [ [ 29.0232473, 40.9812318 ], [ 29.0233697, 40.9810932 ] ] } },
{ "type": "Feature", "properties": { "u": 6512658639, "v": 495691862, "key": 0, "osmid": "1185549445", "highway": "tertiary", "name": "Moda Caddesi", "oneway": true, "reversed": "False", "length": 67.945534856933904, "lanes": "1", "maxspeed": "50", "access": null, "width": null }, "geometry": { "type": "LineString", "coordinates": [ [ 29.0233697, 40.9810932 ], [ 29.0237805, 40.9805667 ] ] } },
{ "type": "Feature", "properties": { "u": 6512658639, "v": 803882295, "key": 0, "osmid": "66320572", "highway": "residential", "name": "Moda Bostanı Sokağı", "oneway": true, "reversed": "False", "length": 98.839133860133188, "lanes": null, "maxspeed": null, "access": null, "width": null }, "geometry": { "type": "LineString", "coordinates": [ [ 29.0233697, 40.9810932 ], [ 29.0234893, 40.9811552 ], [ 29.0237992, 40.981444 ], [ 29.0239735, 40.9817542 ], [ 29.0240082, 40.9818199 ] ] } },
{ "type": "Feature", "properties": { "u": 6515681980, "v": 558821228, "key": 0, "osmid": "40786009", "highway": "residential", "name": "Hacı Şükrü Sokağı", "oneway": true, "reversed": "False", "length": 110.41356818650296, "lanes": null, "maxspeed": null, "access": null, "width": null }, "geometry": { "type": "LineString", "coordinates": [ [ 29.0266045, 40.9851873 ], [ 29.0270872, 40.986111 ] ] } },
{ "type": "Feature", "properties": { "u": 6515681980, "v": 495804949, "key": 0, "osmid": "238271790", "highway": "tertiary", "name": "Dr. Esat Işık Caddesi", "oneway": true, "reversed": "False", "length": 69.449587758794337, "lanes": "1", "maxspeed": null, "access": null, "width": null }, "geometry": { "type": "LineString", "coordinates": [ [ 29.0266045, 40.9851873 ], [ 29.0261811, 40.9857239 ] ] } },
{ "type": "Feature", "properties": { "u": 6522711379, "v": 6644126085, "key": 0, "osmid": "238271790", "highway": "tertiary", "name": "Dr. Esat Işık Caddesi", "oneway": true, "reversed": "False", "length": 2.4752077081897399, "lanes": "1", "maxspeed": null, "access": null, "width": null }, "geometry": { "type": "LineString", "coordinates": [ [ 29.0266449, 40.9851385 ], [ 29.0266287, 40.9851571 ] ] } },
{ "type": "Feature", "properties": { "u": 6638746576, "v": 678317694, "key": 0, "osmid": "53726651", "highway": "residential", "name": "Keresteci Aziz Sokağı", "oneway": true, "reversed": "False", "length": 68.545115867162735, "lanes": null, "maxspeed": null, "access": null, "width": null }, "geometry": { "type": "LineString", "coordinates": [ [ 29.0298435, 40.9833036 ], [ 29.0300093, 40.9839072 ] ] } },
{ "type": "Feature", "properties": { "u": 6638746576, "v": 4785763261, "key": 0, "osmid": "132474412", "highway": "tertiary", "name": "Dr. Esat Işık Caddesi", "oneway": true, "reversed": "False", "length": 71.449426271179732, "lanes": null, "maxspeed": null, "access": null, "width": null }, "geometry": { "type": "LineString", "coordinates": [ [ 29.0298435, 40.9833036 ], [ 29.0302212, 40.9832398 ], [ 29.0306721, 40.9831567 ] ] } },
{ "type": "Feature", "properties": { "u": 6643486504, "v": 2445138893, "key": 0, "osmid": "706999044", "highway": "tertiary", "name": "Şair Nefi Sokağı", "oneway": true, "reversed": "False", "length": 62.465521955517978, "lanes": "1", "maxspeed": null, "access": null, "width": null }, "geometry": { "type": "LineString", "coordinates": [ [ 29.0266312, 40.9840051 ], [ 29.0263584, 40.983565 ], [ 29.0263168, 40.9835398 ], [ 29.026273, 40.9835266 ] ] } },
{ "type": "Feature", "properties": { "u": 6643517638, "v": 495779826, "key": 0, "osmid": "40784890", "highway": "residential", "name": "Şair Latifi Sokağı", "oneway": true, "reversed": "False", "length": 59.491154210285984, "lanes": null, "maxspeed": null, "access": null, "width": null }, "geometry": { "type": "LineString", "coordinates": [ [ 29.027647, 40.9845389 ], [ 29.0269801, 40.98472 ] ] } },
{ "type": "Feature", "properties": { "u": 6643517638, "v": 3183586375, "key": 0, "osmid": "621990109", "highway": "tertiary", "name": "General Asım Gündüz Caddesi", "oneway": true, "reversed": "False", "length": 29.535179922225687, "lanes": "1", "maxspeed": null, "access": null, "width": null }, "geometry": { "type": "LineString", "coordinates": [ [ 29.027647, 40.9845389 ], [ 29.0275795, 40.9844182 ], [ 29.0274281, 40.9843471 ] ] } },
{ "type": "Feature", "properties": { "u": 6644126085, "v": 558821222, "key": 0, "osmid": "40785199", "highway": "residential", "name": "Ressam Şeref Akdik Sokağı", "oneway": true, "reversed": "False", "length": 69.492920507386003, "lanes": null, "maxspeed": null, "access": null, "width": null }, "geometry": { "type": "LineString", "coordinates": [ [ 29.0266287, 40.9851571 ], [ 29.0258921, 40.9854424 ] ] } },
{ "type": "Feature", "properties": { "u": 6644126085, "v": 6515681980, "key": 0, "osmid": "238271790", "highway": "tertiary", "name": "Dr. Esat Işık Caddesi", "oneway": true, "reversed": "False", "length": 3.9246709976287746, "lanes": "1", "maxspeed": null, "access": null, "width": null }, "geometry": { "type": "LineString", "coordinates": [ [ 29.0266287, 40.9851571 ], [ 29.0266045, 40.9851873 ] ] } },
{ "type": "Feature", "properties": { "u": 6676601628, "v": 6469700739, "key": 0, "osmid": "710158653", "highway": "residential", "name": "Keresteci Aziz Sokağı", "oneway": false, "reversed": "False", "length": 6.7713628375880539, "lanes": null, "maxspeed": null, "access": null, "width": null }, "geometry": { "type": "LineString", "coordinates": [ [ 29.0303256, 40.9852596 ], [ 29.0303588, 40.9852041 ] ] } },
{ "type": "Feature", "properties": { "u": 6698628575, "v": 2697174220, "key": 0, "osmid": [ 708577850, 236364670 ], "highway": "primary", "name": [ "Albay Faik Sözdener Caddesi", "Rıhtım Caddesi" ], "oneway": true, "reversed": "False", "length": 97.37074970143523, "lanes": [ "2", "3" ], "maxspeed": "30", "access": null, "width": null }, "geometry": { "type": "LineString", "coordinates": [ [ 29.0229946, 40.9905813 ], [ 29.0230333, 40.9906093 ], [ 29.0230538, 40.9906242 ], [ 29.0230901, 40.9906601 ], [ 29.0232095, 40.9907792 ], [ 29.0233093, 40.9908797 ], [ 29.0234126, 40.9910012 ], [ 29.0235545, 40.9911718 ], [ 29.0236472, 40.991302 ] ] } },
{ "type": "Feature", "properties": { "u": 6698628575, "v": 495665070, "key": 0, "osmid": [ 40780479, 712460167 ], "highway": "residential", "name": [ "Neşet Ömer Sokağı", "Muvakkıthane Caddesi" ], "oneway": true, "reversed": "False", "length": 208.82079073991679, "lanes": null, "maxspeed": null, "access": null, "width": null }, "geometry": { "type": "LineString", "coordinates": [ [ 29.0229946, 40.9905813 ], [ 29.0230147, 40.9905764 ], [ 29.0231037, 40.9905544 ], [ 29.0231885, 40.9905374 ], [ 29.0233558, 40.9904458 ], [ 29.02337, 40.9903455 ], [ 29.0229222, 40.9898972 ], [ 29.0222338, 40.9892082 ], [ 29.0221989, 40.9891732 ] ] } },
{ "type": "Feature", "properties": { "u": 6788186077, "v": 808585149, "key": 0, "osmid": "66939010", "highway": "residential", "name": "Şehit Cem Nuri Başgül Sokağı", "oneway": false, "reversed": "True", "length": 59.886725980665268, "lanes": null, "maxspeed": null, "access": null, "width": null }, "geometry": { "type": "LineString", "coordinates": [ [ 29.0274397, 40.9817485 ], [ 29.0267293, 40.981798 ] ] } },
{ "type": "Feature", "properties": { "u": 6788186077, "v": 808585339, "key": 0, "osmid": "66939040", "highway": "residential", "name": "Cem Karaca Sokağı", "oneway": false, "reversed": "False", "length": 40.027537373457228, "lanes": null, "maxspeed": null, "access": null, "width": null }, "geometry": { "type": "LineString", "coordinates": [ [ 29.0274397, 40.9817485 ], [ 29.0274248, 40.9813887 ] ] } },
{ "type": "Feature", "properties": { "u": 6788186077, "v": 808585335, "key": 0, "osmid": [ 66939010, 66939012 ], "highway": "residential", "name": "Şehit Cem Nuri Başgül Sokağı", "oneway": false, "reversed": [ false, true ], "length": 180.79869284635404, "lanes": null, "maxspeed": null, "access": null, "width": null }, "geometry": { "type": "LineString", "coordinates": [ [ 29.0274397, 40.9817485 ], [ 29.0290812, 40.9818061 ], [ 29.0291861, 40.9814289 ] ] } },
{ "type": "Feature", "properties": { "u": 6958868161, "v": 6959361871, "key": 0, "osmid": "1462853484", "highway": "residential", "name": "Damga Sokağı", "oneway": true, "reversed": "False", "length": 40.468288127947282, "lanes": "1", "maxspeed": null, "access": null, "width": null }, "geometry": { "type": "LineString", "coordinates": [ [ 29.0205206, 40.9890673 ], [ 29.0205178, 40.9891062 ], [ 29.0205172, 40.9891644 ], [ 29.0205125, 40.9892479 ], [ 29.0205054, 40.9893157 ], [ 29.0205017, 40.9893307 ], [ 29.0204957, 40.9893459 ], [ 29.0204267, 40.9894119 ] ] } },
{ "type": "Feature", "properties": { "u": 6958868161, "v": 2370901445, "key": 0, "osmid": "1462853485", "highway": "residential", "name": "Damga Sokağı", "oneway": false, "reversed": "True", "length": 15.083256631401579, "lanes": null, "maxspeed": null, "access": null, "width": null }, "geometry": { "type": "LineString", "coordinates": [ [ 29.0205206, 40.9890673 ], [ 29.0205464, 40.9889971 ], [ 29.0205541, 40.9889761 ], [ 29.0205728, 40.9889376 ] ] } },
{ "type": "Feature", "properties": { "u": 6958868171, "v": 2370901445, "key": 0, "osmid": "236364677", "highway": "residential", "name": "Damga Sokağı", "oneway": false, "reversed": "True", "length": 18.82668066115853, "lanes": null, "maxspeed": null, "access": null, "width": null }, "geometry": { "type": "LineString", "coordinates": [ [ 29.0206753, 40.988787 ], [ 29.0206302, 40.9888533 ], [ 29.0206106, 40.9888821 ], [ 29.0205793, 40.9889281 ], [ 29.0205728, 40.9889376 ] ] } },
{ "type": "Feature", "properties": { "u": 6958868171, "v": 2442360059, "key": 0, "osmid": "839848379", "highway": "residential", "name": "Damga Sokağı", "oneway": true, "reversed": "False", "length": 35.609550128677654, "lanes": null, "maxspeed": null, "access": null, "width": null }, "geometry": { "type": "LineString", "coordinates": [ [ 29.0206753, 40.988787 ], [ 29.0208091, 40.9885996 ], [ 29.0208766, 40.9885051 ] ] } },
{ "type": "Feature", "properties": { "u": 6958868172, "v": 2442360059, "key": 0, "osmid": "152447450", "highway": "tertiary", "name": "Albay Faik Sözdener Caddesi", "oneway": true, "reversed": "False", "length": 28.216750189794148, "lanes": null, "maxspeed": null, "access": null, "width": null }, "geometry": { "type": "LineString", "coordinates": [ [ 29.0209819, 40.9887402 ], [ 29.0209279, 40.9886792 ], [ 29.0209001, 40.9886332 ], [ 29.0208826, 40.9885793 ], [ 29.0208766, 40.9885051 ] ] } },
{ "type": "Feature", "properties": { "u": 6958868172, "v": 6958868171, "key": 0, "osmid": "743457167", "highway": "residential", "name": null, "oneway": true, "reversed": "False", "length": 27.674981409215995, "lanes": null, "maxspeed": null, "access": null, "width": null }, "geometry": { "type": "LineString", "coordinates": [ [ 29.0209819, 40.9887402 ], [ 29.0209326, 40.9887273 ], [ 29.0208739, 40.9887258 ], [ 29.0208156, 40.9887316 ], [ 29.0207592, 40.9887448 ], [ 29.0207143, 40.988765 ], [ 29.0206753, 40.988787 ] ] } },
{ "type": "Feature", "properties": { "u": 6959110027, "v": 1652678594, "key": 0, "osmid": "689650085", "highway": "tertiary", "name": "Ara yol", "oneway": true, "reversed": "False", "length": 49.992243651667451, "lanes": null, "maxspeed": "50", "access": null, "width": null }, "geometry": { "type": "LineString", "coordinates": [ [ 29.0216786, 40.9899241 ], [ 29.0215987, 40.9898867 ], [ 29.0215693, 40.989873 ], [ 29.0214854, 40.9898244 ], [ 29.0213725, 40.9897482 ], [ 29.0213473, 40.9897303 ], [ 29.0213312, 40.98971 ], [ 29.02132, 40.9896869 ], [ 29.0213148, 40.9896646 ], [ 29.0213158, 40.9896402 ], [ 29.0213285, 40.9896045 ] ] } },
{ "type": "Feature", "properties": { "u": 6959248761, "v": 278471334, "key": 0, "osmid": "236166959", "highway": "primary", "name": "Rıhtım Caddesi", "oneway": true, "reversed": "False", "length": 8.5949773900638569, "lanes": "2", "maxspeed": null, "access": null, "width": null }, "geometry": { "type": "LineString", "coordinates": [ [ 29.02353, 40.9914886 ], [ 29.0234276, 40.9914894 ] ] } },
{ "type": "Feature", "properties": { "u": 6959361871, "v": 2370901461, "key": 0, "osmid": "228407764", "highway": "residential", "name": "Damga Sokağı", "oneway": false, "reversed": "False", "length": 116.92123507474005, "lanes": null, "maxspeed": null, "access": null, "width": null }, "geometry": { "type": "LineString", "coordinates": [ [ 29.0204267, 40.9894119 ], [ 29.020322, 40.9896721 ], [ 29.0203076, 40.9896903 ], [ 29.0202852, 40.9897029 ], [ 29.020256, 40.9897116 ], [ 29.0199827, 40.9897637 ], [ 29.0199694, 40.9897687 ], [ 29.0199231, 40.989786 ], [ 29.0198855, 40.9898158 ], [ 29.0198533, 40.9898599 ], [ 29.0196642, 40.9901894 ] ] } },
{ "type": "Feature", "properties": { "u": 6959361871, "v": 6958868161, "key": 0, "osmid": "1462853480", "highway": "residential", "name": "Damga Sokağı", "oneway": true, "reversed": "False", "length": 39.794874202064086, "lanes": "1", "maxspeed": null, "access": null, "width": null }, "geometry": { "type": "LineString", "coordinates": [ [ 29.0204267, 40.9894119 ], [ 29.0204112, 40.9893365 ], [ 29.0205206, 40.9890673 ] ] } },
{ "type": "Feature", "properties": { "u": 6959400234, "v": 1457278002, "key": 0, "osmid": "132474410", "highway": "residential", "name": "Mühürdar Karakolu Sokağı", "oneway": true, "reversed": "False", "length": 53.603054076605275, "lanes": null, "maxspeed": null, "access": null, "width": null }, "geometry": { "type": "LineString", "coordinates": [ [ 29.0213496, 40.985852 ], [ 29.0214041, 40.9858314 ], [ 29.0219128, 40.9856248 ] ] } },
{ "type": "Feature", "properties": { "u": 6990406280, "v": 2445189205, "key": 0, "osmid": "264043055", "highway": "primary", "name": "Ara yol", "oneway": true, "reversed": "False", "length": 25.184318118663391, "lanes": null, "maxspeed": "30", "access": null, "width": null }, "geometry": { "type": "LineString", "coordinates": [ [ 29.0221178, 40.9901977 ], [ 29.0221429, 40.9901732 ], [ 29.0221734, 40.9901554 ], [ 29.0222036, 40.9901428 ], [ 29.0222432, 40.9901337 ], [ 29.0222767, 40.9901317 ], [ 29.0223102, 40.9901317 ], [ 29.0223867, 40.9901409 ] ] } },
{ "type": "Feature", "properties": { "u": 6990406280, "v": 6959110027, "key": 0, "osmid": "1003051018", "highway": "tertiary_link", "name": null, "oneway": true, "reversed": "False", "length": 54.830558493475515, "lanes": null, "maxspeed": "50", "access": null, "width": null }, "geometry": { "type": "LineString", "coordinates": [ [ 29.0221178, 40.9901977 ], [ 29.0221269, 40.990124 ], [ 29.0221105, 40.9900782 ], [ 29.0220914, 40.9900569 ], [ 29.0220662, 40.9900288 ], [ 29.0219821, 40.9899936 ], [ 29.0216786, 40.9899241 ] ] } },
{ "type": "Feature", "properties": { "u": 8077602945, "v": 803882305, "key": 0, "osmid": "66320573", "highway": "residential", "name": "Yusuf Kamil Paşa Sokağı", "oneway": true, "reversed": "False", "length": 61.763759767223419, "lanes": null, "maxspeed": null, "access": null, "width": null }, "geometry": { "type": "LineString", "coordinates": [ [ 29.0254016, 40.981855 ], [ 29.0261291, 40.9817719 ] ] } },
{ "type": "Feature", "properties": { "u": 8077602945, "v": 8077602946, "key": 0, "osmid": "866617997", "highway": "unclassified", "name": null, "oneway": false, "reversed": "False", "length": 37.690633650240535, "lanes": null, "maxspeed": null, "access": null, "width": null }, "geometry": { "type": "LineString", "coordinates": [ [ 29.0254016, 40.981855 ], [ 29.0253358, 40.9815197 ] ] } },
{ "type": "Feature", "properties": { "u": 8077602946, "v": 4716733504, "key": 0, "osmid": "478458068", "highway": "residential", "name": "Gizem Sokağı", "oneway": false, "reversed": "False", "length": 23.939436003463925, "lanes": null, "maxspeed": null, "access": null, "width": null }, "geometry": { "type": "LineString", "coordinates": [ [ 29.0253358, 40.9815197 ], [ 29.0250528, 40.9815463 ] ] } },
{ "type": "Feature", "properties": { "u": 8077602946, "v": 4716733505, "key": 0, "osmid": "478458068", "highway": "residential", "name": "Gizem Sokağı", "oneway": false, "reversed": "True", "length": 67.058487421998905, "lanes": null, "maxspeed": null, "access": null, "width": null }, "geometry": { "type": "LineString", "coordinates": [ [ 29.0253358, 40.9815197 ], [ 29.0261285, 40.981445 ] ] } },
{ "type": "Feature", "properties": { "u": 8077602946, "v": 8077602945, "key": 0, "osmid": "866617997", "highway": "unclassified", "name": null, "oneway": false, "reversed": "True", "length": 37.690633650240535, "lanes": null, "maxspeed": null, "access": null, "width": null }, "geometry": { "type": "LineString", "coordinates": [ [ 29.0253358, 40.9815197 ], [ 29.0254016, 40.981855 ] ] } }
]
}
